id;Año de puesta en operación;Código SIC;Nombre del recurso;Capacidad efectiva neta [mW];Factor de conversión;¿Es menor?;Tipo de despacho;Combustible po defecto;Fecha de operación;Agente representante;Estado del recurso;Tipo de generación;Clasificación;Fecha;Municipio;cod_mpio;Departamento;x;y
1;2007;ABJ1;LA CASCADA ( ABEJORRAL);3.00;0.00;SI;ND;AGUA;16/9/2007;EMPRESA DE GENERACION Y PROMOCION DE ENERGIA DE ANTIOQUIA S.A. E.S.P.;OPERACIÓN;HIDRAULICA;NORMAL;12/2/2026;ABEJORRAL;05002;ANTIOQUIA;4730066.882;2199881.798
2;2001;PRC2;PORCE II;405.00;2.14;NO;DC;AGUA;7/4/2001;EMPRESAS PUBLICAS DE MEDELLIN E.S.P.;OPERACIÓN;HIDRAULICA;NORMAL;12/2/2026;AMALFI;05031;ANTIOQUIA;4781198.163;2329479.547
3;2007;AMF1;AMALFI;0.81;0.00;SI;ND;AGUA;4/8/2007;HZ ENERGY S.A.S. E.S.P.;OPERACIÓN;HIDRAULICA;GEN. DISTRIBUIDA;12/2/2026;AMALFI;05031;ANTIOQUIA;4781198.163;2329479.547
4;2017;2TUV;LUZMA II;19.60;3.64;SI;ND;AGUA;6/10/2017;ISAGEN S.A. E.S.P.;OPERACIÓN;HIDRAULICA;NORMAL;12/2/2026;AMALFI;05031;ANTIOQUIA;4781198.163;2329479.547
5;2017;2TUT;LUZMA I;19.60;3.66;SI;ND;AGUA;6/10/2017;ISAGEN S.A. E.S.P.;OPERACIÓN;HIDRAULICA;NORMAL;12/2/2026;AMALFI;05031;ANTIOQUIA;4781198.163;2329479.547
6;2010;SRA1;SANTA RITA;1.30;0.68;SI;ND;AGUA;17/8/2010;EMPRESA DE GENERACION Y PROMOCION DE ENERGIA DE ANTIOQUIA S.A. E.S.P.;OPERACIÓN;HIDRAULICA;NORMAL;12/2/2026;ANDES;05034;ANTIOQUIA;4674287.151;2178165.178
7;2011;PRC3;PORCE III;700.00;3.06;NO;DC;AGUA;8/2/2011;EMPRESAS PUBLICAS DE MEDELLIN E.S.P.;OPERACIÓN;HIDRAULICA;NORMAL;12/2/2026;ANORÍ;05040;ANTIOQUIA;4767250.156;2353360.607
8;2016;2S8U;PORCE III MENOR;1.80;0.89;SI;ND;AGUA;24/4/2016;EMPRESAS PUBLICAS DE MEDELLIN E.S.P.;OPERACIÓN;HIDRAULICA;NORMAL;12/2/2026;ANORÍ;05040;ANTIOQUIA;4767250.156;2353360.607
9;2015;PRV1;PROVIDENCIA;4.90;0.10;SI;ND;AGUA;29/9/2015;HZ ENERGY S.A.S. E.S.P.;OPERACIÓN;HIDRAULICA;NORMAL;12/2/2026;ANORÍ;05040;ANTIOQUIA;4767250.156;2353360.607
10;2020;3ADA;AUTOG PTAR BELLO;5.00;0.00;SI;ND;BIOGAS;29/11/2020;EMPRESAS PUBLICAS DE MEDELLIN E.S.P.;OPERACIÓN;TERMICA;AUTOGENERADOR;12/2/2026;BELLO;05088;ANTIOQUIA;4713602.916;2261362.308
11;1993;NQU1;NIQUIA;19.00;3.28;SI;ND;AGUA;27/6/1993;EMPRESAS PUBLICAS DE MEDELLIN E.S.P.;OPERACIÓN;HIDRAULICA;NORMAL;12/2/2026;BELLO;05088;ANTIOQUIA;4713602.916;2261362.308
12;1997;BLL3;BELLO;0.35;1.00;SI;ND;AGUA;31/12/1996;EMPRESAS PUBLICAS DE MEDELLIN E.S.P.;OPERACIÓN;HIDRAULICA;GEN. DISTRIBUIDA;12/2/2026;BELLO;05088;ANTIOQUIA;4713602.916;2261362.308
13;2017;2SDR;ALEJANDRIA;17.00;1.06;SI;ND;AGUA;1/3/2017;GENERADORA ALEJANDRIA S.A.S. E.S.P.;OPERACIÓN;HIDRAULICA;NORMAL;12/2/2026;ALEJANDRIA;05021;ANTIOQUIA;4768835.18;2261847.439
14;2004;VLT1;LA VUELTA;11.60;0.00;SI;ND;AGUA;21/11/2004;EMPRESAS PUBLICAS DE MEDELLIN E.S.P.;OPERACIÓN;HIDRAULICA;NORMAL;12/2/2026;CAÑASGORDAS;05138;ANTIOQUIA;4665527.667;2312088.497
15;2004;HRD1;LA HERRADURA;19.80;0.00;SI;ND;AGUA;2/9/2004;EMPRESAS PUBLICAS DE MEDELLIN E.S.P.;OPERACIÓN;HIDRAULICA;NORMAL;12/2/2026;CAÑASGORDAS;05138;ANTIOQUIA;4665527.667;2312088.497
16;1935;CRC1;CARACOLI;3.75;0.80;SI;ND;AGUA;31/12/1934;EMPRESAS PUBLICAS DE MEDELLIN E.S.P.;OPERACIÓN;HIDRAULICA;NORMAL;12/2/2026;CARACOLÍ;05142;ANTIOQUIA;4808319.113;2258654.515
17;2017;2T7D;AUTOG CANTAYUS;4.32;1.43;NO;ND;AGUA;19/5/2017;GENERADORA Y COMERCIALIZADORA DE ENERGIA DEL CARIBE S.A. E.S.P.;OPERACIÓN;HIDRAULICA;AUTOGENERADOR;12/2/2026;CISNEROS;05190;ANTIOQUIA;4769811.409;2282249.532
18;2014;2QBW;EL POPAL;19.90;1.44;SI;ND;AGUA;30/3/2014;ISAGEN S.A. E.S.P.;OPERACIÓN;HIDRAULICA;NORMAL;12/2/2026;COCORNÁ;05197;ANTIOQUIA;4760961.273;2222080.43
19;2017;2T4P;SAN MATIAS;19.90;1.02;SI;ND;AGUA;24/4/2017;ISAGEN S.A. E.S.P.;OPERACIÓN;HIDRAULICA;NORMAL;12/2/2026;COCORNÁ;05197;ANTIOQUIA;4760961.273;2222080.43
20;2017;2T1L;EL MOLINO;19.90;1.02;SI;ND;AGUA;18/4/2017;ISAGEN S.A. E.S.P.;OPERACIÓN;HIDRAULICA;NORMAL;12/2/2026;COCORNÁ;05197;ANTIOQUIA;4760961.273;2222080.43
21;2016;2SS2;MAGALLO;5.70;0.00;SI;ND;AGUA;21/12/2016;CENTRAL HIDROELÉCTRICA CONCORDIA S.A.S. E.S.P.;OPERACIÓN;HIDRAULICA;NORMAL;12/2/2026;CONCORDIA;05209;ANTIOQUIA;4679069.576;2228196.098
22;2022;3E9I;ZEUS;9.90;1.41;SI;ND;AGUA;18/5/2022;CENTRAL HIDROELÉCTRICA ZEUS SAS ESP;OPERACIÓN;HIDRAULICA;NORMAL;12/2/2026;DONMATÍAS;05237;ANTIOQUIA;4732192.945;2276046.105
23;1956;RGRN;RIOGRANDE I;19.00;2.91;SI;ND;AGUA;31/12/1955;EMPRESAS PUBLICAS DE MEDELLIN E.S.P.;OPERACIÓN;HIDRAULICA;NORMAL;12/2/2026;DONMATÍAS;05237;ANTIOQUIA;4732192.945;2276046.105
24;2007;RGR1;RIO GRANDE;0.30;0.00;SI;ND;AGUA;30/11/2007;EMPRESAS PUBLICAS DE MEDELLIN E.S.P.;OPERACIÓN;HIDRAULICA;GEN. DISTRIBUIDA;12/2/2026;DONMATÍAS;05237;ANTIOQUIA;4732192.945;2276046.105
25;2012;HMO1;HIDROMONTAÑITAS;19.90;3.70;SI;ND;AGUA;13/6/2012;CELSIA COLOMBIA S.A. E.S.P.;OPERACIÓN;HIDRAULICA;NORMAL;12/2/2026;DONMATÍAS;05237;ANTIOQUIA;4732192.945;2276046.105
26;1983;AYR1;AUTOG AYURA;16.70;2.44;NO;ND;AGUA;25/10/1983;EMPRESAS PUBLICAS DE MEDELLIN E.S.P.;OPERACIÓN;HIDRAULICA;AUTOGENERADOR;12/2/2026;ENVIGADO;05266;ANTIOQUIA;4718281.018;2238677.199
27;2020;2YNA;HIDROBARRANCAS;4.70;4.70;SI;ND;AGUA;25/11/2020;HIDROELECTRICA BARRANCAS SAS ESP;OPERACIÓN;HIDRAULICA;NORMAL;12/2/2026;DABEIBA;05234;ANTIOQUIA;4633866.414;2331919.36
28;2024;3RKP;AUTOG ENKA 1;4.00;0.00;NO;ND;CARBON;14/12/2024;EMPRESAS PUBLICAS DE MEDELLIN E.S.P.;INACTIVO;TERMICA;AUTOGENERADOR;12/2/2026;GIRARDOTA;05308;ANTIOQUIA;4729308.571;2263593.776
29;1994;LTSJ;LA TASAJERA;306.00;7.81;NO;DC;AGUA;19/5/1994;EMPRESAS PUBLICAS DE MEDELLIN E.S.P.;OPERACIÓN;HIDRAULICA;NORMAL;12/2/2026;GIRARDOTA;05308;ANTIOQUIA;4729308.571;2263593.776
30;2015;CLL1;CARLOS LLERAS;78.00;1.20;NO;DC;AGUA;21/11/2015;HIDROELECTRICA DEL ALTO PORCE S.A.S. E.S.P.;OPERACIÓN;HIDRAULICA;FILO AGUA ESPECIAL;12/2/2026;GIRARDOTA;05308;ANTIOQUIA;4729308.571;2263593.776
31;1972;GTPE;GUATAPE;560.00;7.17;NO;DC;AGUA;31/12/1971;EMPRESAS PUBLICAS DE MEDELLIN E.S.P.;OPERACIÓN;HIDRAULICA;NORMAL;12/2/2026;GUATAPÉ;05321;ANTIOQUIA;4761500.968;2247584.17
32;1966;GTRG;GUATRON;512.00;8.93;NO;DC;AGUA;31/12/1965;EMPRESAS PUBLICAS DE MEDELLIN E.S.P.;OPERACIÓN;HIDRAULICA;NORMAL;12/2/2026;GÓMEZ PLATA;05310;ANTIOQUIA;4757705.801;2299936.204
33;2023;3IRZ;LA CASCADA DE GRANADA;2.09;1.80;SI;ND;AGUA;29/9/2023;SANTA FE ENERGY ZOMAC S.A.S. E.S.P.;OPERACIÓN;HIDRAULICA;NORMAL;12/2/2026;GRANADA;05313;ANTIOQUIA;4764630.155;2235088.245
34;2013;CLTJ;COGENERADOR COLTEJER 1;9.40;0.00;NO;ND;CARBON;18/12/2013;EMPRESAS PUBLICAS DE MEDELLIN E.S.P.;INACTIVO;COGENERADOR;COGENERADOR;12/2/2026;ITAGÜÍ;05360;ANTIOQUIA;4710800.451;2241509.297
35;2022;PES1;ITUANGO;1,200.00;1.73;NO;DC;AGUA;30/11/2022;EMPRESAS PUBLICAS DE MEDELLIN E.S.P.;OPERACIÓN;HIDRAULICA;NORMAL;12/2/2026;ITUANGO;05361;ANTIOQUIA;4704360.65;2369851.672
36;2022;3IRI;ITUANGO_P;600.00;1.77;NO;DC;AGUA;30/12/2022;EMPRESAS PUBLICAS DE MEDELLIN E.S.P.;INACTIVO;HIDRAULICA;NORMAL;12/2/2026;ITUANGO;05361;ANTIOQUIA;4704360.65;2369851.672
37;2008;AFR1;AGUA FRESCA;7.29;0.00;SI;ND;AGUA;9/4/2008;ENERGIA DEL RIO PIEDRAS S.A. E.S.P;OPERACIÓN;HIDRAULICA;NORMAL;12/2/2026;JERICÓ;05368;ANTIOQUIA;4693890.838;2196296.945
38;2000;RPD1;RIO PIEDRAS;19.90;5.88;NO;ND;AGUA;30/3/2000;CELSIA COLOMBIA S.A. E.S.P.;OPERACIÓN;HIDRAULICA;NORMAL;12/2/2026;JERICÓ;05368;ANTIOQUIA;4693890.838;2196296.945
39;2023;3F5L;AUTOG CI JEANS;1.39;0.00;NO;ND;RAD SOLAR;24/8/2023;ERCO GENERACION S.A.S. ESP;PRUEBAS;SOLAR;AUTOGENERADOR;12/2/2026;LA ESTRELLA;05380;ANTIOQUIA;4706940.567;2236918.81
40;2018;2V5G;JUAN GARCIA;4.52;1.00;SI;ND;AGUA;11/9/2018;EMPRESA DE GENERACION Y PROMOCION DE ENERGIA DE ANTIOQUIA S.A. E.S.P.;OPERACIÓN;HIDRAULICA;NORMAL;12/2/2026;LIBORINA;05411;ANTIOQUIA;4692442.095;2301864.295
41;2019;HMIN;ESCUELA DE MINAS;55.00;1.60;NO;DC;AGUA;29/9/2019;HIDROELECTRICA DEL ALTO PORCE S.A.S. E.S.P.;OPERACIÓN;HIDRAULICA;FILO DE AGUA;12/2/2026;MARINILLA;05440;ANTIOQUIA;4745041.881;2242006.046
42;2019;2W4Y;AUTOG FAMILIA;1.00;1.00;NO;ND;GAS;22/3/2019;DEPI ENERGY S.A.S. E.S.P.;INACTIVO;TERMICA;AUTOGENERADOR;12/2/2026;MEDELLÍN;05001;ANTIOQUIA;4711193.609;2250169.715
43;2023;3HG9;COMUNIDAD EL SALVADOR II;0.00;0.00;SI;ND;RAD SOLAR;23/3/2023;ERCO GENERACION S.A.S. ESP;OPERACIÓN;SOLAR;GEN. DISTRIBUIDA;12/2/2026;MEDELLÍN;05001;ANTIOQUIA;4711193.609;2250169.715
44;2023;3HG7;COMUNIDAD EL SALVADOR I;0.01;0.00;SI;ND;RAD SOLAR;23/3/2023;ERCO GENERACION S.A.S. ESP;OPERACIÓN;SOLAR;GEN. DISTRIBUIDA;12/2/2026;MEDELLÍN;05001;ANTIOQUIA;4711193.609;2250169.715
45;1900;PBL1;PIEDRAS BLANCAS;5.00;0.00;SI;ND;AGUA;31/12/1899;EMPRESAS PUBLICAS DE MEDELLIN E.S.P.;INACTIVO;HIDRAULICA;NORMAL;12/2/2026;MEDELLÍN;05001;ANTIOQUIA;4711193.609;2250169.715
46;1997;NTB1;NUTIBARA;0.75;1.13;SI;ND;AGUA;31/12/1996;EMPRESAS PUBLICAS DE MEDELLIN E.S.P.;OPERACIÓN;HIDRAULICA;GEN. DISTRIBUIDA;12/2/2026;MEDELLÍN;05001;ANTIOQUIA;4711193.609;2250169.715
47;1997;AMR1;AMERICA;0.41;0.00;SI;ND;AGUA;31/12/1996;EMPRESAS PUBLICAS DE MEDELLIN E.S.P.;OPERACIÓN;HIDRAULICA;GEN. DISTRIBUIDA;12/2/2026;MEDELLÍN;05001;ANTIOQUIA;4711193.609;2250169.715
48;1992;MNT1;MANANTIALES;3.15;0.63;SI;ND;AGUA;31/12/1991;EMPRESAS PUBLICAS DE MEDELLIN E.S.P.;OPERACIÓN;HIDRAULICA;NORMAL;12/2/2026;MEDELLÍN;05001;ANTIOQUIA;4711193.609;2250169.715
49;1997;CMP2;CAMPESTRE (EPM);0.87;0.88;SI;ND;AGUA;31/12/1996;EMPRESAS PUBLICAS DE MEDELLIN E.S.P.;OPERACIÓN;HIDRAULICA;GEN. DISTRIBUIDA;12/2/2026;MEDELLÍN;05001;ANTIOQUIA;4711193.609;2250169.715
50;1998;TSR1;TERMOSIERRA CC;352.00;7.23;NO;DC;ACPM;6/2/1998;EMPRESAS PUBLICAS DE MEDELLIN E.S.P.;OPERACIÓN;TERMICA;CICLO COMBINADO;12/2/2026;PUERTO NARE;05585;ANTIOQUIA;4813718.46;2236659.401
51;2004;CMN1;AUTOG CEMENTOS DEL NARE;9.00;0.00;NO;ND;AGUA;31/8/2004;COMPAÑÍA ELÉCTRICA DE SOCHAGOTA  S.A.S. E.S.P.;OPERACIÓN;HIDRAULICA;AUTOGENERADOR;12/2/2026;PUERTO NARE;05585;ANTIOQUIA;4813718.46;2236659.401
52;2007;PMR1;REMEDIOS;0.75;0.00;SI;ND;AGUA;18/9/2007;COMPAÑÍA INTEGRAL ENERGETICA S.A.S E.S.P;OPERACIÓN;HIDRAULICA;NORMAL;12/2/2026;REMEDIOS;05604;ANTIOQUIA;4828085.423;2331566.615
53;2022;3ED1;AUTOG GRAN COLOMBIA GOLD;1.00;1.90;NO;ND;AGUA;30/5/2022;PROELECTRICA S.A.S E.S.P.;OPERACIÓN;HIDRAULICA;AUTOGENERADOR;12/2/2026;REMEDIOS;05604;ANTIOQUIA;4828085.423;2331566.615
54;2020;3AFQ;POCUNE;1.00;1.02;SI;ND;AGUA;30/12/2020;SPECTRUM RENOVAVEIS S.A.S. E.S.P.;OPERACIÓN;HIDRAULICA;GEN. DISTRIBUIDA;12/2/2026;REMEDIOS;05604;ANTIOQUIA;4828085.423;2331566.615
55;2026;5IT1;GD ALAMO SOLAR;0.99;0.00;SI;ND;RAD SOLAR;29/1/2026;ERCO GENERACION S.A.S. ESP;OPERACIÓN;SOLAR;GEN. DISTRIBUIDA;12/2/2026;RIONEGRO;05615;ANTIOQUIA;4733305.914;2238252.731
56;2023;3F5N;AUTOG PINTUCO;1.41;0.00;NO;ND;RAD SOLAR;24/8/2023;ERCO GENERACION S.A.S. ESP;PRUEBAS;SOLAR;AUTOGENERADOR;12/2/2026;RIONEGRO;05615;ANTIOQUIA;4733305.914;2238252.731
57;2007;SJM1;SAN JOSE DE LA MONTAÑA;0.40;0.00;SI;ND;AGUA;29/7/2007;EMPRESA DE GENERACION Y PROMOCION DE ENERGIA DE ANTIOQUIA S.A. E.S.P.;OPERACIÓN;HIDRAULICA;GEN. DISTRIBUIDA;12/2/2026;SAN JOSÉ DE LA MONTAÑA;05658;ANTIOQUIA;4704147.394;2312780.207
58;2018;2UR5;SAN JOSE DE LA MONTAÑA II;1.10;0.30;SI;ND;AGUA;5/10/2018;EMPRESA DE GENERACION Y PROMOCION DE ENERGIA DE ANTIOQUIA S.A. E.S.P.;OPERACIÓN;HIDRAULICA;NORMAL;12/2/2026;SAN JOSÉ DE LA MONTAÑA;05658;ANTIOQUIA;4704147.394;2312780.207
59;2012;BAR1;BARROSO;19.90;3.21;SI;ND;AGUA;29/11/2012;ISAGEN S.A. E.S.P.;OPERACIÓN;HIDRAULICA;NORMAL;12/2/2026;SALGAR;05642;ANTIOQUIA;4670020.715;2218623.143
60;2020;2ZCF;SAN ANDRES DE CUERQUIA;19.90;4.58;SI;ND;AGUA;10/6/2020;CELSIA COLOMBIA S.A. E.S.P.;OPERACIÓN;HIDRAULICA;NORMAL;12/2/2026;SAN ANDRÉS DE CUERQUÍA;05647;ANTIOQUIA;4705588.334;2322872.084
61;2022;3CG9;LA CHORRERA;15.00;10.00;SI;ND;AGUA;30/5/2022;HIDROENERGIA DE LA MONTAÑA S.A.S E.S.P;OPERACIÓN;HIDRAULICA;NORMAL;12/2/2026;SAN ANDRÉS DE CUERQUÍA;05647;ANTIOQUIA;4705588.334;2322872.084
62;1984;SNCR;SAN CARLOS;1,240.00;5.39;NO;DC;AGUA;19/1/1984;ISAGEN S.A. E.S.P.;OPERACIÓN;HIDRAULICA;NORMAL;12/2/2026;SAN CARLOS;05649;ANTIOQUIA;4789051.016;2242792.187
63;1988;PLYS;PLAYAS;207.00;1.73;NO;DC;AGUA;31/7/1988;EMPRESAS PUBLICAS DE MEDELLIN E.S.P.;OPERACIÓN;HIDRAULICA;NORMAL;12/2/2026;SAN CARLOS;05649;ANTIOQUIA;4789051.016;2242792.187
64;2006;CLDR;CALDERAS;19.90;1.31;SI;ND;AGUA;29/6/2006;ISAGEN S.A. E.S.P.;OPERACIÓN;HIDRAULICA;NORMAL;12/2/2026;SAN CARLOS;05649;ANTIOQUIA;4789051.016;2242792.187
65;2015;SMI1;SAN MIGUEL;50.00;1.49;NO;DC;AGUA;22/12/2015;ISAGEN S.A. E.S.P.;OPERACIÓN;HIDRAULICA;FILO DE AGUA;12/2/2026;SAN LUIS;05660;ANTIOQUIA;4777977.328;2224043.354
66;1988;JAGS;JAGUAS;170.00;2.36;NO;DC;AGUA;30/6/1988;ISAGEN S.A. E.S.P.;OPERACIÓN;HIDRAULICA;NORMAL;12/2/2026;SAN RAFAEL;05667;ANTIOQUIA;4778988.761;2255749.2
67;2022;3DXJ;LAS VIOLETAS;0.95;0.56;SI;ND;AGUA;29/3/2022;P.CH EL COCUYO SAS ESP;OPERACIÓN;HIDRAULICA;NORMAL;12/2/2026;SAN ROQUE;05670;ANTIOQUIA;4784955.998;2272905.826
68;2007;LCS1;LA CASCADA (ANTIOQUIA);2.30;0.00;SI;ND;AGUA;16/7/2007;VATIA S.A. E.S.P.;OPERACIÓN;HIDRAULICA;NORMAL;12/2/2026;SAN ROQUE;05670;ANTIOQUIA;4784955.998;2272905.826
69;2014;2QRL;LA REBUSCA;0.70;1.09;SI;ND;AGUA;23/7/2014;HZ ENERGY S.A.S. E.S.P.;OPERACIÓN;HIDRAULICA;GEN. DISTRIBUIDA;12/2/2026;SAN ROQUE;05670;ANTIOQUIA;4784955.998;2272905.826
70;1947;RBJ1;RIO ABAJO;0.90;0.00;SI;ND;AGUA;31/12/1946;EMPRESAS PUBLICAS DE MEDELLIN E.S.P.;INACTIVO;HIDRAULICA;NORMAL;12/2/2026;SAN VICENTE FERRER;05674;ANTIOQUIA;4742610.462;2255860.784
71;2017;2S6U;AUTOG ARGOS EL CAIRO;6.50;0.00;NO;ND;AGUA;28/9/2017;COMPAÑÍA ELÉCTRICA DE SOCHAGOTA  S.A.S. E.S.P.;OPERACIÓN;HIDRAULICA;AUTOGENERADOR;12/2/2026;SANTA BÁRBARA;05679;ANTIOQUIA;4714064.038;2208276.834
72;2010;GQA1;GUANAQUITAS;9.50;1.50;SI;ND;AGUA;29/6/2010;ISAGEN S.A. E.S.P.;OPERACIÓN;HIDRAULICA;NORMAL;12/2/2026;SANTA ROSA DE OSOS;05686;ANTIOQUIA;4730551.785;2296334.823
73;2010;GCA1;CARUQUIA;9.50;1.53;SI;ND;AGUA;27/1/2010;ISAGEN S.A. E.S.P.;OPERACIÓN;HIDRAULICA;NORMAL;12/2/2026;SANTA ROSA DE OSOS;05686;ANTIOQUIA;4730551.785;2296334.823
74;2017;2U1G;LAS PALMAS;2.80;0.15;SI;ND;AGUA;29/8/2017;VATIA S.A. E.S.P.;OPERACIÓN;HIDRAULICA;NORMAL;12/2/2026;SANTA ROSA DE OSOS;05686;ANTIOQUIA;4730551.785;2296334.823
75;2011;STG1;SANTIAGO;2.80;2.80;SI;ND;AGUA;7/1/2011;HIDROTOLIMA S.A. E.S.P.;OPERACIÓN;HIDRAULICA;NORMAL;12/2/2026;SANTO DOMINGO;05690;ANTIOQUIA;4763137.139;2274644.832
76;2018;2UX3;AURES BAJO;19.40;0.98;SI;ND;AGUA;11/12/2018;AURES BAJO S.A.S. E.S.P.;OPERACIÓN;HIDRAULICA;NORMAL;12/2/2026;SONSÓN;05756;ANTIOQUIA;4796742.133;2202136.998
77;2002;SNS1;SONSON;18.50;0.00;SI;ND;AGUA;31/5/2002;EMPRESAS PUBLICAS DE MEDELLIN E.S.P.;OPERACIÓN;HIDRAULICA;NORMAL;12/2/2026;SONSÓN;05756;ANTIOQUIA;4796742.133;2202136.998
78;1951;TMS1;RIOFRIO (TAMESIS);1.00;0.00;SI;ND;AGUA;31/12/1950;EMPRESAS PUBLICAS DE MEDELLIN E.S.P.;OPERACIÓN;HIDRAULICA;GEN. DISTRIBUIDA;12/2/2026;TÁMESIS;05789;ANTIOQUIA;4699943.828;2185641.105
79;2021;3H2U;TZ II;10.50;0.70;SI;ND;AGUA;30/12/2021;CENTRAL HIDROELÉCTRICA TZ II S.A.S. E.S.P.;PRUEBAS;HIDRAULICA;NORMAL;12/2/2026;TARAZÁ;05790;ANTIOQUIA;4735026.82;2386236.206
80;2019;2WC5;MULATOS II;7.34;1.41;SI;ND;AGUA;25/8/2019;ENERGIA DEL SUROESTE S.A. E.S.P.;OPERACIÓN;HIDRAULICA;NORMAL;12/2/2026;TARSO;05792;ANTIOQUIA;4686875.171;2207532.814
81;1999;PJR1;PAJARITO;13.20;1.87;SI;ND;AGUA;24/11/1999;EMPRESAS PUBLICAS DE MEDELLIN E.S.P.;OPERACIÓN;HIDRAULICA;NORMAL;12/2/2026;YARUMAL;05887;ANTIOQUIA;4726126.824;2324817.717
82;2025;5IMB;AGPE CEDILLANOS;0.94;0.00;SI;ND;RAD SOLAR;24/12/2025;UNERGY ENERGY DIGITAL S.A.S E.S.P;OPERACIÓN;SOLAR;AUTOG PEQ. ESCALA;12/2/2026;YARUMAL;05887;ANTIOQUIA;4726126.824;2324817.717
83;2007;PLU1;URRAO;1.03;0.00;SI;ND;AGUA;29/7/2007;SANTA FE ENERGY ZOMAC S.A.S. E.S.P.;OPERACIÓN;HIDRAULICA;NORMAL;12/2/2026;URRAO;05847;ANTIOQUIA;4639498.765;2259176.632
84;2019;2WFN;TERMOCAPACHOS 1;9.90;0.00;SI;ND;GAS;3/8/2019;GENERSA S.A.S. E.S.P.;OPERACIÓN;TERMICA;NORMAL;12/2/2026;TAME;81794;ARAUCA;5133572.08;2264317.847
85;2024;3KLQ;AUTOG TERMOMACAGUA 1;4.90;0.00;NO;ND;GAS;28/6/2024;GENERSA S.A.S. E.S.P.;OPERACIÓN;TERMICA;AUTOGENERADOR;12/2/2026;TAME;81794;ARAUCA;5133572.08;2264317.847
86;2024;3NNZ;AUTOG TERMOCOROCITO 1;4.90;0.00;NO;ND;GAS;28/10/2024;GENERSA S.A.S. E.S.P.;OPERACIÓN;TERMICA;AUTOGENERADOR;12/2/2026;TAME;81794;ARAUCA;5133572.08;2264317.847
87;2021;3C4V;AUTOG TERMOTAME;5.00;0.00;SI;ND;GAS;1/9/2021;GENERSA S.A.S. E.S.P.;OPERACIÓN;TERMICA;AUTOGENERADOR;12/2/2026;TAME;81794;ARAUCA;5133572.08;2264317.847
88;2025;5E69;TERMOSARAVENA 1;4.90;10.77;SI;ND;GAS;30/10/2025;GENERSA S.A.S. E.S.P.;PRUEBAS;TERMICA;AUTOGENERADOR;12/2/2026;SARAVENA;81736;ARAUCA;5126922.368;2321358.908
89;2025;4XP3;AUTOG TERMOARAUCA 1;4.90;10.77;NO;ND;GAS;26/8/2025;GENERSA S.A.S. E.S.P.;OPERACIÓN;TERMICA;AUTOGENERADOR;12/2/2026;SARAVENA;81736;ARAUCA;5126922.368;2321358.908
90;2025;5F43;ALMA II;9.80;0.00;SI;ND;RAD SOLAR;22/12/2025;DEPI ENERGY S.A.S. E.S.P.;OPERACIÓN;SOLAR;NORMAL;12/2/2026;ARAUCA;81001;ARAUCA;5275233.156;2309689.883
91;2025;4T6E;AUTOG CORPACERO 1;2.10;9.20;NO;ND;GAS;18/3/2025;PROELECTRICA S.A.S E.S.P.;OPERACIÓN;TERMICA;AUTOGENERADOR;12/2/2026;BARRANQUILLA;08001;ATLÁNTICO;4800365.924;2772107.077
92;2010;TFL4;FLORES 4 CC;445.00;7.01;NO;DC;GAS;30/11/2010;ENFRAGEN TERMOFLORES S.A.S. E.S.P.;OPERACIÓN;TERMICA;CICLO COMBINADO;12/2/2026;BARRANQUILLA;08001;ATLÁNTICO;4800365.924;2772107.077
93;1993;TFL1;FLORES I CC;160.00;7.27;NO;DC;GAS;31/10/1993;ENFRAGEN TERMOFLORES S.A.S. E.S.P.;OPERACIÓN;TERMICA;CICLO COMBINADO;12/2/2026;BARRANQUILLA;08001;ATLÁNTICO;4800365.924;2772107.077
94;1972;ERO6;EL RIO 6;10.00;0.00;NO;DC;GAS;31/12/1971;ELECTRIFICADORA DEL ATLANTICO S.A. E.S.P.;INACTIVO;TERMICA;NORMAL;12/2/2026;BARRANQUILLA;08001;ATLÁNTICO;4800365.924;2772107.077
95;1972;ERO5;EL RIO 5;4.00;0.00;NO;DC;GAS;31/12/1971;ELECTRIFICADORA DEL ATLANTICO S.A. E.S.P.;INACTIVO;TERMICA;NORMAL;12/2/2026;BARRANQUILLA;08001;ATLÁNTICO;4800365.924;2772107.077
96;1972;ERO4;EL RIO 4;4.50;0.00;NO;DC;GAS;31/12/1971;ELECTRIFICADORA DEL ATLANTICO S.A. E.S.P.;INACTIVO;TERMICA;NORMAL;12/2/2026;BARRANQUILLA;08001;ATLÁNTICO;4800365.924;2772107.077
97;1972;ERO3;EL RIO 3;4.50;0.00;NO;DC;GAS;31/12/1971;ELECTRIFICADORA DEL ATLANTICO S.A. E.S.P.;INACTIVO;TERMICA;NORMAL;12/2/2026;BARRANQUILLA;08001;ATLÁNTICO;4800365.924;2772107.077
98;1972;ERO2;EL RIO 2;4.00;0.00;NO;DC;GAS;31/12/1971;ELECTRIFICADORA DEL ATLANTICO S.A. E.S.P.;INACTIVO;TERMICA;NORMAL;12/2/2026;BARRANQUILLA;08001;ATLÁNTICO;4800365.924;2772107.077
99;1972;ERO1;EL RIO 1;1.80;0.00;NO;DC;GAS;31/12/1971;ELECTRIFICADORA DEL ATLANTICO S.A. E.S.P.;INACTIVO;TERMICA;NORMAL;12/2/2026;BARRANQUILLA;08001;ATLÁNTICO;4800365.924;2772107.077
100;1971;LNN4;LA UNION 4;9.00;0.00;NO;DC;GAS;31/12/1970;ELECTRIFICADORA DEL ATLANTICO S.A. E.S.P.;INACTIVO;TERMICA;NORMAL;12/2/2026;BARRANQUILLA;08001;ATLÁNTICO;4800365.924;2772107.077
101;1971;LNN3;LA UNION 3;18.00;0.00;NO;DC;GAS;31/12/1970;ELECTRIFICADORA DEL ATLANTICO S.A. E.S.P.;INACTIVO;TERMICA;NORMAL;12/2/2026;BARRANQUILLA;08001;ATLÁNTICO;4800365.924;2772107.077
102;1971;LNN2;LA UNION 2;9.00;0.00;NO;DC;GAS;31/12/1970;ELECTRIFICADORA DEL ATLANTICO S.A. E.S.P.;INACTIVO;TERMICA;NORMAL;12/2/2026;BARRANQUILLA;08001;ATLÁNTICO;4800365.924;2772107.077
103;1971;LNN1;LA UNION 1;8.00;0.00;NO;DC;GAS;31/12/1970;ELECTRIFICADORA DEL ATLANTICO S.A. E.S.P.;INACTIVO;TERMICA;NORMAL;12/2/2026;BARRANQUILLA;08001;ATLÁNTICO;4800365.924;2772107.077
104;1972;ERO8;EL RIO 8;11.00;0.00;NO;DC;GAS;31/12/1971;ELECTRIFICADORA DEL ATLANTICO S.A. E.S.P.;INACTIVO;TERMICA;NORMAL;12/2/2026;BARRANQUILLA;08001;ATLÁNTICO;4800365.924;2772107.077
105;1972;ERO7;EL RIO 7;10.00;0.00;NO;DC;GAS;31/12/1971;ELECTRIFICADORA DEL ATLANTICO S.A. E.S.P.;INACTIVO;TERMICA;NORMAL;12/2/2026;BARRANQUILLA;08001;ATLÁNTICO;4800365.924;2772107.077
106;1995;RMAR;RIOMAR 1;9.00;0.00;NO;DC;GAS;19/7/1995;ELECTRIFICADORA DEL ATLANTICO S.A. E.S.P.;INACTIVO;TERMICA;NORMAL;12/2/2026;BARRANQUILLA;08001;ATLÁNTICO;4800365.924;2772107.077
107;2024;3JNR;AUTOG UNIBOL 1;4.90;7.50;SI;ND;GAS;10/2/2024;COMERCIALIZADORA 4G ENERGIA SAS ESP;OPERACIÓN;TERMICA;AUTOGENERADOR;12/2/2026;BARRANQUILLA;08001;ATLÁNTICO;4800365.924;2772107.077
108;2025;4RGG;PARQUE SOLAR BARANOA;19.90;0.00;SI;ND;RAD SOLAR;29/4/2025;FOTOVOLTAICO EL YARUMO SAS ESP;OPERACIÓN;SOLAR;NORMAL;12/2/2026;BARANOA;08078;ATLÁNTICO;4789914.153;2751355.813
109;2025;5G3S;PARQUE SOLAR BUGAMBILES;9.90;0.00;SI;ND;RAD SOLAR;30/8/2025;FOTOVOLTAICO EL YARUMO SAS ESP;PRUEBAS;SOLAR;NORMAL;12/2/2026;BARANOA;08078;ATLÁNTICO;4789914.153;2751355.813
110;2025;5G3T;PARQUE SOLAR NISPEROS;19.90;0.00;SI;ND;RAD SOLAR;30/7/2025;FOTOVOLTAICO EL YARUMO SAS ESP;PRUEBAS;SOLAR;NORMAL;12/2/2026;BARANOA;08078;ATLÁNTICO;4789914.153;2751355.813
111;2024;3INX;CARACOLI I;50.00;0.00;NO;DC;RAD SOLAR;21/12/2024;SOL DE LAS CIÉNAGAS S.A.S. E.S.P.;OPERACIÓN;SOLAR;NORMAL;12/2/2026;MALAMBO;08433;ATLÁNTICO;4802634.328;2757360.138
112;2023;3HWK;AGPE EL ENCANTO;0.99;0.00;SI;ND;RAD SOLAR;7/6/2023;ENERMAS SAS ESP;OPERACIÓN;SOLAR;AUTOG PEQ. ESCALA;12/2/2026;POLONUEVO;08558;ATLÁNTICO;4797336.406;2748446.926
113;2025;4Z8T;GD ENCANTO;0.99;0.00;SI;ND;RAD SOLAR;24/9/2025;NITRO ENERGY COLOMBIA S.A.S. E.S.P.;OPERACIÓN;SOLAR;GEN. DISTRIBUIDA;12/2/2026;POLONUEVO;08558;ATLÁNTICO;4797336.406;2748446.926
114;2024;GYPO;GUAYEPO;370.00;0.00;NO;DC;RAD SOLAR;29/11/2024;ENEL COLOMBIA SA ESP;OPERACIÓN;SOLAR;NORMAL;12/2/2026;PONEDERA;08560;ATLÁNTICO;4803312.957;2729308.435
115;2025;GYP3;GUAYEPO III;180.00;0.00;NO;DC;RAD SOLAR;29/4/2025;ENEL COLOMBIA SA ESP;PRUEBAS;SOLAR;NORMAL;12/2/2026;PONEDERA;08560;ATLÁNTICO;4803312.957;2729308.435
116;2023;3HYG;URUACO;1.00;0.00;SI;ND;RAD SOLAR;17/6/2023;UNERGY ENERGY DIGITAL S.A.S E.S.P;OPERACIÓN;SOLAR;GEN. DISTRIBUIDA;12/2/2026;LURUACO;08421;ATLÁNTICO;4764442.692;2734021.724
117;2024;4UK6;PARQUE EOLICO CARRETO;9.10;0.00;SI;ND;VIENTO;30/12/2024;CELSIA COLOMBIA S.A. E.S.P.;PRUEBAS;EOLICA;NORMAL;12/2/2026;JUAN DE ACOSTA;08372;ATLÁNTICO;4772855.305;2754759.985
118;2025;4XUX;GD PULOY;0.99;0.00;SI;ND;RAD SOLAR;24/9/2025;UNERGY ENERGY DIGITAL S.A.S E.S.P;OPERACIÓN;SOLAR;GEN. DISTRIBUIDA;12/2/2026;GALAPA;08296;ATLÁNTICO;4793823.802;2762880.182
119;2025;3RGX;JUMI;9.90;0.00;SI;ND;RAD SOLAR;16/1/2025;VATIA S.A. E.S.P.;PRUEBAS;SOLAR;NORMAL;12/2/2026;GALAPA;08296;ATLÁNTICO;4793823.802;2762880.182
120;2024;3NU4;GD FINCA JM;0.99;0.00;SI;ND;RAD SOLAR;15/9/2024;GREENYELLOW COMERCIALIZADORA S.A.S. E.S.P.;OPERACIÓN;SOLAR;GEN. DISTRIBUIDA;12/2/2026;SANTO TOMÁS;08685;ATLÁNTICO;4804630.953;2747095.423
121;2025;5F3X;GD CARACOL III;0.99;0.00;SI;ND;RAD SOLAR;10/11/2025;OTACC GENERACION S.A.S. E.S.P.;OPERACIÓN;SOLAR;GEN. DISTRIBUIDA;12/2/2026;SOLEDAD;08758;ATLÁNTICO;4805705.791;2763823.924
122;2025;5F3Y;GD CARACOL II;0.99;0.00;SI;ND;RAD SOLAR;10/11/2025;OTACC GENERACION S.A.S. E.S.P.;OPERACIÓN;SOLAR;GEN. DISTRIBUIDA;12/2/2026;SOLEDAD;08758;ATLÁNTICO;4805705.791;2763823.924
123;2025;5F41;GD CARACOL I;0.99;0.00;SI;ND;RAD SOLAR;10/11/2025;OTACC GENERACION S.A.S. E.S.P.;OPERACIÓN;SOLAR;GEN. DISTRIBUIDA;12/2/2026;SOLEDAD;08758;ATLÁNTICO;4805705.791;2763823.924
124;2025;5F3Z;GD CADILLO II;0.99;0.00;SI;ND;RAD SOLAR;10/11/2025;OTACC GENERACION S.A.S. E.S.P.;OPERACIÓN;SOLAR;GEN. DISTRIBUIDA;12/2/2026;SOLEDAD;08758;ATLÁNTICO;4805705.791;2763823.924
125;2026;5ISM;GD PALMERAS IV;0.99;0.00;SI;ND;RAD SOLAR;5/1/2026;OTACC GENERACION S.A.S. E.S.P.;OPERACIÓN;SOLAR;GEN. DISTRIBUIDA;12/2/2026;SOLEDAD;08758;ATLÁNTICO;4805705.791;2763823.924
126;2026;5ISL;GD PALMERAS III;0.99;0.00;SI;ND;RAD SOLAR;5/1/2026;OTACC GENERACION S.A.S. E.S.P.;OPERACIÓN;SOLAR;GEN. DISTRIBUIDA;12/2/2026;SOLEDAD;08758;ATLÁNTICO;4805705.791;2763823.924
127;2026;5ISO;GD PALMERAS II;0.99;0.00;SI;ND;RAD SOLAR;5/1/2026;OTACC GENERACION S.A.S. E.S.P.;OPERACIÓN;SOLAR;GEN. DISTRIBUIDA;12/2/2026;SOLEDAD;08758;ATLÁNTICO;4805705.791;2763823.924
128;2026;5ISK;GD PALMERAS I;0.99;0.00;SI;ND;RAD SOLAR;5/1/2026;OTACC GENERACION S.A.S. E.S.P.;OPERACIÓN;SOLAR;GEN. DISTRIBUIDA;12/2/2026;SOLEDAD;08758;ATLÁNTICO;4805705.791;2763823.924
129;1989;TBST;TEBSAB CC;791.00;7.19;NO;DC;GAS;20/10/1989;TERMOBARRANQUILLA S.A. EMPRESA DE SERVICIOS PUBLICOS;OPERACIÓN;TERMICA;CICLO COMBINADO;12/2/2026;SOLEDAD;08758;ATLÁNTICO;4805705.791;2763823.924
130;1980;TBQ4;BARRANQUILLA 4;60.00;11.67;NO;DC;GAS;31/12/1979;TERMOBARRANQUILLA S.A. EMPRESA DE SERVICIOS PUBLICOS;OPERACIÓN;TERMICA;NORMAL;12/2/2026;SOLEDAD;08758;ATLÁNTICO;4805705.791;2763823.924
131;1980;TBQ3;BARRANQUILLA 3;60.00;10.43;NO;DC;GAS;31/12/1979;TERMOBARRANQUILLA S.A. EMPRESA DE SERVICIOS PUBLICOS;OPERACIÓN;TERMICA;NORMAL;12/2/2026;SOLEDAD;08758;ATLÁNTICO;4805705.791;2763823.924
132;2024;3QQ3;GD FINCA ISABEL LOPEZ;0.99;0.00;SI;ND;RAD SOLAR;9/11/2024;GREENYELLOW COMERCIALIZADORA S.A.S. E.S.P.;OPERACIÓN;SOLAR;GEN. DISTRIBUIDA;12/2/2026;SABANALARGA;08638;ATLÁNTICO;4786195.803;2732492.493
133;2024;3K8E;BSB 504;19.90;0.00;SI;ND;RAD SOLAR;26/9/2024;ISAGEN S.A. E.S.P.;OPERACIÓN;SOLAR;NORMAL;12/2/2026;SABANALARGA;08638;ATLÁNTICO;4786195.803;2732492.493
134;2024;3K8C;BSB 503;19.90;0.00;SI;ND;RAD SOLAR;25/9/2024;ISAGEN S.A. E.S.P.;OPERACIÓN;SOLAR;NORMAL;12/2/2026;SABANALARGA;08638;ATLÁNTICO;4786195.803;2732492.493
135;2025;3PXF;BSB 502;19.90;0.00;SI;ND;RAD SOLAR;18/11/2025;ISAGEN S.A. E.S.P.;OPERACIÓN;SOLAR;NORMAL;12/2/2026;SABANALARGA;08638;ATLÁNTICO;4786195.803;2732492.493
136;2025;3PXC;BSB 501;19.90;0.00;SI;ND;RAD SOLAR;31/10/2025;ISAGEN S.A. E.S.P.;OPERACIÓN;SOLAR;NORMAL;12/2/2026;SABANALARGA;08638;ATLÁNTICO;4786195.803;2732492.493
137;2025;3PXE;BSB 500;19.90;0.00;SI;ND;RAD SOLAR;4/11/2025;ISAGEN S.A. E.S.P.;OPERACIÓN;SOLAR;NORMAL;12/2/2026;SABANALARGA;08638;ATLÁNTICO;4786195.803;2732492.493
138;2025;4T6C;AUTOG LOS POCITOS 1;4.10;4.39;NO;ND;BIOGAS;15/2/2025;BCCY CORDOBA S.A.S. E.S.P.;OPERACIÓN;TERMICA;AUTOGENERADOR;12/2/2026;TUBARÁ;08832;ATLÁNTICO;4783185.754;2763980.392
139;2003;SAN1;SAN ANTONIO;19.40;3.60;SI;ND;AGUA;21/8/2003;ENEL COLOMBIA SA ESP;INACTIVO;HIDRAULICA;NORMAL;12/2/2026;BOGOTÁ. D.C.;11001;BOGOTÁ. D.C.;4868982.562;2035014.238
140;2013;USQ1;USAQUEN;1.80;0.94;SI;ND;AGUA;14/4/2013;ENEL COLOMBIA SA ESP;OPERACIÓN;HIDRAULICA;NORMAL;12/2/2026;BOGOTÁ. D.C.;11001;BOGOTÁ. D.C.;4868982.562;2035014.238
141;2013;SBA1;SUBA;2.60;0.94;SI;ND;AGUA;14/4/2013;ENEL COLOMBIA SA ESP;OPERACIÓN;HIDRAULICA;NORMAL;12/2/2026;BOGOTÁ. D.C.;11001;BOGOTÁ. D.C.;4868982.562;2035014.238
142;2016;2S8S;DOÑA JUANA 1;1.70;0.00;SI;ND;BIOGAS;28/4/2016;BIOGAS COLOMBIA S.A.S. E.S.P ;OPERACIÓN;TERMICA;NORMAL;12/2/2026;BOGOTÁ. D.C.;11001;BOGOTÁ. D.C.;4868982.562;2035014.238
143;2024;4YKB;SOLAR PN I;9.90;0.00;SI;ND;RAD SOLAR;30/12/2024;VATIA S.A. E.S.P.;PRUEBAS;SOLAR;NORMAL;12/2/2026;ARJONA;13052;BOLÍVAR;4740268.486;2682142.456
144;1980;CTG3;CARTAGENA 3;66.00;11.52;NO;DC;GAS;31/12/1979;NITRO ENERGY COLOMBIA S.A.S. E.S.P.;OPERACIÓN;TERMICA;NORMAL;12/2/2026;CARTAGENA DE INDIAS;13001;BOLÍVAR;4730900.873;2715236.929
145;1980;CTG2;CARTAGENA 2;60.00;11.81;NO;DC;GAS;31/12/1979;NITRO ENERGY COLOMBIA S.A.S. E.S.P.;OPERACIÓN;TERMICA;NORMAL;12/2/2026;CARTAGENA DE INDIAS;13001;BOLÍVAR;4730900.873;2715236.929
146;2016;2S8I;AUTOG REFICAR 1;9.90;0.00;NO;ND;GAS;25/4/2016;GENERADORA Y COMERCIALIZADORA DE ENERGIA DEL CARIBE S.A. E.S.P.;OPERACIÓN;TERMICA;AUTOGENERADOR;12/2/2026;CARTAGENA DE INDIAS;13001;BOLÍVAR;4730900.873;2715236.929
147;2016;ARG1;ARGOS CARTAGENA 1;15.00;8.95;SI;ND;GAS;14/3/2016;DEPI ENERGY S.A.S. E.S.P.;OPERACIÓN;TERMICA;NORMAL;12/2/2026;CARTAGENA DE INDIAS;13001;BOLÍVAR;4730900.873;2715236.929
148;1995;CTG1;CARTAGENA 1;52.00;13.67;NO;DC;GAS;19/7/1995;NITRO ENERGY COLOMBIA S.A.S. E.S.P.;OPERACIÓN;TERMICA;NORMAL;12/2/2026;CARTAGENA DE INDIAS;13001;BOLÍVAR;4730900.873;2715236.929
149;1998;BIOE;COGENERADOR BIOAISE 1;1.00;0.00;NO;ND;GAS;31/7/1998;BIOAISE S.A.;INACTIVO;COGENERADOR;COGENERADOR;12/2/2026;CARTAGENA DE INDIAS;13001;BOLÍVAR;4730900.873;2715236.929
150;1993;PRG2;PROELECTRICA 2;45.00;8.07;NO;DC;GAS;30/6/1993;PROELECTRICA S.A.S E.S.P.;OPERACIÓN;TERMICA;NORMAL;12/2/2026;CARTAGENA DE INDIAS;13001;BOLÍVAR;4730900.873;2715236.929
151;1993;PRG1;PROELECTRICA 1;45.00;8.27;NO;DC;GAS;30/6/1993;PROELECTRICA S.A.S E.S.P.;OPERACIÓN;TERMICA;NORMAL;12/2/2026;CARTAGENA DE INDIAS;13001;BOLÍVAR;4730900.873;2715236.929
152;2023;TCDT;TERMOCANDELARIA CC;555.00;6.49;NO;DC;GAS;26/10/2023;TERMOCANDELARIA S.A.S. - E.S.P. ;OPERACIÓN;TERMICA;CICLO COMBINADO;12/2/2026;CARTAGENA DE INDIAS;13001;BOLÍVAR;4730900.873;2715236.929
153;2020;3A44;PLANTA SOLAR BAYUNCA I;3.00;0.00;SI;ND;RAD SOLAR;29/9/2020;UNERGY ENERGY DIGITAL S.A.S E.S.P;PRUEBAS;SOLAR;NORMAL;12/2/2026;CARTAGENA DE INDIAS;13001;BOLÍVAR;4730900.873;2715236.929
154;2022;3EBN;GR PARQUE SOLAR TUCANES;9.90;0.00;SI;ND;RAD SOLAR;30/5/2022;CELSIA COLOMBIA S.A. E.S.P.;PRUEBAS;SOLAR;NORMAL;12/2/2026;CARTAGENA DE INDIAS;13001;BOLÍVAR;4730900.873;2715236.929
155;2025;5F47;EL TAMARINDO II;9.90;0.00;SI;ND;RAD SOLAR;30/10/2025;EL TAMARINDO SOLAR S.A.S. E.S.P.;PRUEBAS;SOLAR;NORMAL;12/2/2026;MAGANGUÉ;13430;BOLÍVAR;4799268.12;2580034.874
156;2025;5F46;EL TAMARINDO I;9.90;0.00;SI;ND;RAD SOLAR;30/10/2025;EL TAMARINDO SOLAR S.A.S. E.S.P.;PRUEBAS;SOLAR;NORMAL;12/2/2026;MAGANGUÉ;13430;BOLÍVAR;4799268.12;2580034.874
157;2025;5DW3;GD YURBAQUA;0.90;0.00;SI;ND;RAD SOLAR;21/12/2025;UNERGY ENERGY DIGITAL S.A.S E.S.P;OPERACIÓN;SOLAR;GEN. DISTRIBUIDA;12/2/2026;TURBACO;13836;BOLÍVAR;4739513.547;2702998.875
158;2024;4Z8H;ZAMBRANO II;15.50;0.00;SI;ND;RAD SOLAR;30/7/2024;DEPI ENERGY S.A.S. E.S.P.;PRUEBAS;SOLAR;NORMAL;12/2/2026;ZAMBRANO;13894;BOLÍVAR;4793776.58;2635426.174
159;2023;3IS2;PARQUE SOLAR ARENAL;2.00;0.00;SI;ND;RAD SOLAR;29/12/2023;4E GROUP S.A.S E.S.P.;PRUEBAS;SOLAR;NORMAL;12/2/2026;SAN ESTANISLAO;13647;BOLÍVAR;4758630.601;2704160.024
160;2026;5H1R;GD LA CATEDRAL;0.99;0.00;SI;ND;RAD SOLAR;30/1/2026;UNERGY ENERGY DIGITAL S.A.S E.S.P;OPERACIÓN;SOLAR;GEN. DISTRIBUIDA;12/2/2026;SAN ESTANISLAO;13647;BOLÍVAR;4758630.601;2704160.024
161;2019;2VJS;CELSIA SOLAR BOLIVAR;8.06;0.00;SI;ND;RAD SOLAR;2/2/2019;CELSIA COLOMBIA S.A. E.S.P.;PRUEBAS;SOLAR;NORMAL;12/2/2026;SANTA ROSA DE LIMA;13683;BOLÍVAR;4741641.485;2715844.379
162;2024;TCBE;TERMOCARIBE III 1;52.00;8.60;NO;DC;GAS;20/3/2024;TERMO CARIBE S.A.S. E.S.P.;OPERACIÓN;TERMICA;NORMAL;12/2/2026;SANTA ROSA DE LIMA;13683;BOLÍVAR;4741641.485;2715844.379
163;2024;3JBP;LA NENERA;0.98;0.00;SI;ND;RAD SOLAR;12/1/2024;ES INVEST COLOMBIA S.A.S. ESP;OPERACIÓN;SOLAR;GEN. DISTRIBUIDA;12/2/2026;SAN JUAN NEPOMUCENO;13657;BOLÍVAR;4773628.231;2660185.722
164;1977;CHVR;CHIVOR;1,000.00;6.96;NO;DC;AGUA;22/5/1977;AES COLOMBIA & CIA. S.C.A. E.S.P.;OPERACIÓN;HIDRAULICA;NORMAL;12/2/2026;SANTA MARÍA;15690;BOYACÁ;4971871.695;2090940.207
165;2020;2YIR;PCH LA LIBERTAD;1.20;1.11;SI;ND;AGUA;13/3/2020;EMPRESA GENERADORA Y COMERCIALIZADORA DE ENERGIA ELECTRICA DE COLOMBIA S.A. E.S.P.;OPERACIÓN;HIDRAULICA;NORMAL;12/2/2026;TOCA;15814;BOYACÁ;4982209.736;2174610.415
166;2016;TUJ1;TUNJITA;19.70;2.47;SI;ND;AGUA;29/6/2016;AES COLOMBIA & CIA. S.C.A. E.S.P.;OPERACIÓN;HIDRAULICA;NORMAL;12/2/2026;TUNJA;15001;BOYACÁ;4958145.733;2167794.341
167;2018;2V25;AUTOG ARGOS SOGAMOSO 1;15.00;0.00;NO;ND;CARBON;1/10/2018;COMPAÑÍA ELÉCTRICA DE SOCHAGOTA  S.A.S. E.S.P.;OPERACIÓN;TERMICA;AUTOGENERADOR;12/2/2026;SOGAMOSO;15759;BOYACÁ;5014283.43;2181948.605
168;2016;TMB1;TERMOBOLIVAR 1;9.70;0.00;SI;ND;GAS;3/3/2016;GENERSA S.A.S. E.S.P.;OPERACIÓN;TERMICA;NORMAL;12/2/2026;TÓPAGA;15820;BOYACÁ;5018069.381;2195063.105
169;1982;PPA3;PAIPA 3;70.00;11.44;NO;DC;CARBON;5/5/1982;GESTION ENERGETICA S.A. E.S.P.;OPERACIÓN;TERMICA;NORMAL;12/2/2026;PAIPA;15516;BOYACÁ;4984756.189;2194691.647
170;1975;PPA2;PAIPA 2;72.00;10.56;NO;DC;CARBON;31/12/1974;GESTION ENERGETICA S.A. E.S.P.;OPERACIÓN;TERMICA;NORMAL;12/2/2026;PAIPA;15516;BOYACÁ;4984756.189;2194691.647
171;1963;PPA1;PAIPA 1;36.00;12.43;NO;DC;CARBON;31/12/1962;GESTION ENERGETICA S.A. E.S.P.;OPERACIÓN;TERMICA;NORMAL;12/2/2026;PAIPA;15516;BOYACÁ;4984756.189;2194691.647
172;1999;PPA4;PAIPA 4;165.00;9.30;NO;DC;CARBON;7/1/1999;COMPAÑÍA ELÉCTRICA DE SOCHAGOTA  S.A.S. E.S.P.;OPERACIÓN;TERMICA;NORMAL;12/2/2026;PAIPA;15516;BOYACÁ;4984756.189;2194691.647
173;2002;HMLG;MIEL I;396.00;2.06;NO;DC;AGUA;30/11/2002;ISAGEN S.A. E.S.P.;OPERACIÓN;HIDRAULICA;NORMAL;12/2/2026;NORCASIA;17495;CALDAS;4794630.858;2181321.744
174;2025;5ISX;PLANTA SOLAR SAN FRANCISCO;4.90;0.00;SI;ND;RAD SOLAR;30/12/2025;EMPRESAS PUBLICAS DE MEDELLIN E.S.P.;PRUEBAS;SOLAR;NORMAL;12/2/2026;PALESTINA;17524;CALDAS;4704966.4;2116659.611
175;2017;2SW1;EL EDEN;19.90;3.71;SI;ND;AGUA;1/3/2017;PROELECTRICA S.A.S E.S.P.;OPERACIÓN;HIDRAULICA;NORMAL;12/2/2026;PENSILVANIA;17541;CALDAS;4759972.396;2155903.088
176;2003;SJOG;SAN JOSE;0.38;0.00;SI;ND;AGUA;15/11/2003;FUENTES DE ENERGIAS RENOVABLES S.A.S. E.S.P.;OPERACIÓN;HIDRAULICA;GEN. DISTRIBUIDA;12/2/2026;PENSILVANIA;17541;CALDAS;4759972.396;2155903.088
177;2025;4XQC;AUTOG GOLOSINAS TRULULU;3.30;0.80;SI;ND;AGUA;14/12/2025;ENERXIA COLOMBIA SAS ESP;OPERACIÓN;HIDRAULICA;AUTOGENERADOR;12/2/2026;MANIZALES;17001;CALDAS;4722114.148;2120251.195
178;1929;SNC1;SAN CANCIO;2.00;0.00;SI;ND;AGUA;31/12/1928;EMPRESAS PUBLICAS DE MEDELLIN E.S.P.;OPERACIÓN;HIDRAULICA;NORMAL;12/2/2026;MANIZALES;17001;CALDAS;4722114.148;2120251.195
179;1935;MNC1;MUNICIPAL;1.40;0.00;SI;ND;AGUA;31/12/1934;EMPRESAS PUBLICAS DE MEDELLIN E.S.P.;OPERACIÓN;HIDRAULICA;NORMAL;12/2/2026;MANIZALES;17001;CALDAS;4722114.148;2120251.195
180;1974;INT1;INTERMEDIA;0.96;0.00;SI;ND;AGUA;31/12/1973;EMPRESAS PUBLICAS DE MEDELLIN E.S.P.;OPERACIÓN;HIDRAULICA;GEN. DISTRIBUIDA;12/2/2026;MANIZALES;17001;CALDAS;4722114.148;2120251.195
181;1992;GCC1;GUACAICA;0.86;0.00;SI;ND;AGUA;31/12/1991;EMPRESAS PUBLICAS DE MEDELLIN E.S.P.;OPERACIÓN;HIDRAULICA;GEN. DISTRIBUIDA;12/2/2026;NEIRA;17486;CALDAS;4722196.62;2131302.98
182;2024;TPUY;PARQUE SOLAR TEPUY;83.00;0.00;NO;DC;RAD SOLAR;11/6/2024;EMPRESAS PUBLICAS DE MEDELLIN E.S.P.;OPERACIÓN;SOLAR;NORMAL;12/2/2026;LA DORADA;17380;CALDAS;4809449.286;2156137.844
183;1997;TDR1;TERMODORADA 1;48.00;9.49;NO;DC;GAS;10/8/1997;EMPRESAS PUBLICAS DE MEDELLIN E.S.P.;OPERACIÓN;TERMICA;NORMAL;12/2/2026;LA DORADA;17380;CALDAS;4809449.286;2156137.844
184;2024;3IRX;PORTON DEL SOL;102.00;0.00;NO;DC;RAD SOLAR;7/3/2024;GENERADORA Y COMERCIALIZADORA DE ENERGIA DEL CARIBE S.A. E.S.P.;OPERACIÓN;SOLAR;AUTOGENERADOR;12/2/2026;LA DORADA;17380;CALDAS;4809449.286;2156137.844
185;1995;INS1;INSULA;19.00;0.85;SI;ND;AGUA;19/7/1995;EMPRESAS PUBLICAS DE MEDELLIN E.S.P.;OPERACIÓN;HIDRAULICA;NORMAL;12/2/2026;CHINCHINÁ;17174;CALDAS;4705187.49;2108252.032
186;1963;ESMR;ESMERALDA;30.00;1.31;NO;DC;AGUA;31/12/1962;EMPRESAS PUBLICAS DE MEDELLIN E.S.P.;OPERACIÓN;HIDRAULICA;FILO DE AGUA;12/2/2026;CHINCHINÁ;17174;CALDAS;4705187.49;2108252.032
187;1969;SNFR;SAN FRANCISCO;135.00;1.58;NO;DC;AGUA;31/12/1968;EMPRESAS PUBLICAS DE MEDELLIN E.S.P.;OPERACIÓN;HIDRAULICA;FILO DE AGUA;12/2/2026;CHINCHINÁ;17174;CALDAS;4705187.49;2108252.032
188;2022;3AQP;CAUYA;1.51;0.75;SI;ND;AGUA;24/4/2022;SANTA FE ENERGY ZOMAC S.A.S. E.S.P.;OPERACIÓN;HIDRAULICA;NORMAL;12/2/2026;ANSERMA;17042;CALDAS;4694930.423;2133288.684
189;2016;2S78;LA FRISOLERA;0.47;0.56;SI;ND;AGUA;28/4/2016;SIGMA2 COMERCIALIZADORA  DE ENERGIA ELECTRICA SAS ESP;OPERACIÓN;HIDRAULICA;GEN. DISTRIBUIDA;12/2/2026;SALAMINA;17653;CALDAS;4733067.518;2151937.971
190;2022;JAG1;TERMOPROYECTOS;19.00;7.26;NO;DC;CRUDO;24/12/2022;PROELECTRICA S.A.S E.S.P.;INACTIVO;TERMICA;NORMAL;12/2/2026;TAURAMENA;85410;CASANARE;5041085.933;2077147.143
191;2025;4YCN;VILLANUEVA 1;25.00;11.91;NO;DC;BIOMASA;1/10/2025;REFOENERGY VILLANUEVA S.A.S E.S.P.;OPERACIÓN;TERMICA;NORMAL;12/2/2026;VILLANUEVA;85440;CASANARE;5019613.071;2058374.795
192;2021;TYP5;TERMOYOPAL G5;50.00;8.06;NO;DC;GAS;10/2/2021;TERMOYOPAL GENERACION 2 S.A.S E.S.P.;OPERACIÓN;TERMICA;NORMAL;12/2/2026;YOPAL;85001;CASANARE;5082194.139;2137359.654
193;2020;TYP4;TERMOYOPAL G4;50.00;8.39;NO;DC;GAS;30/8/2020;TERMOYOPAL GENERACION 2 S.A.S E.S.P.;OPERACIÓN;TERMICA;NORMAL;12/2/2026;YOPAL;85001;CASANARE;5082194.139;2137359.654
194;2020;TYP3;TERMOYOPAL G3;50.00;8.49;NO;DC;GAS;30/8/2020;TERMOYOPAL GENERACION 2 S.A.S E.S.P.;OPERACIÓN;TERMICA;NORMAL;12/2/2026;YOPAL;85001;CASANARE;5082194.139;2137359.654
195;2025;3Q99;AUTOG BIODIANA 1;4.99;15.20;NO;ND;BIOMASA;24/1/2025;NITRO ENERGY COLOMBIA S.A.S. E.S.P.;OPERACIÓN;TERMICA;AUTOGENERADOR;12/2/2026;YOPAL;85001;CASANARE;5082194.139;2137359.654
196;2018;2U91;TERMOMECHERO 6;19.30;0.00;SI;ND;GAS;1/2/2018;TERMO MECHERO MORRO S.A.S E.S.P ;OPERACIÓN;TERMICA;NORMAL;12/2/2026;YOPAL;85001;CASANARE;5082194.139;2137359.654
197;2017;2U8Y;TERMOMECHERO 5;19.30;0.00;SI;ND;GAS;15/12/2017;TERMO MECHERO MORRO S.A.S E.S.P ;OPERACIÓN;TERMICA;NORMAL;12/2/2026;YOPAL;85001;CASANARE;5082194.139;2137359.654
198;2018;2U93;TERMOMECHERO 4;19.30;0.00;SI;ND;GAS;1/2/2018;TERMO MECHERO MORRO S.A.S E.S.P ;OPERACIÓN;TERMICA;NORMAL;12/2/2026;YOPAL;85001;CASANARE;5082194.139;2137359.654
199;2007;CIMR;CIMARRON;19.90;13.50;SI;ND;GAS;17/8/2007;TERMOYOPAL GENERACION 2 S.A.S E.S.P.;INACTIVO;TERMICA;NORMAL;12/2/2026;YOPAL;85001;CASANARE;5082194.139;2137359.654
200;2020;TYP1;TERMOYOPAL 1;8.00;13.55;NO;DC;GAS;30/11/2020;TERMOYOPAL GENERACION 2 S.A.S E.S.P.;OPERACIÓN;TERMICA;NORMAL;12/2/2026;YOPAL;85001;CASANARE;5082194.139;2137359.654
201;2004;TYP2;TERMOYOPAL 2;28.00;12.02;NO;DC;GAS;28/7/2004;TERMOYOPAL GENERACION 2 S.A.S E.S.P.;OPERACIÓN;TERMICA;NORMAL;12/2/2026;YOPAL;85001;CASANARE;5082194.139;2137359.654
202;2025;3RH2;AUTOG HIDROSOLAR I;2.00;0.00;NO;ND;RAD SOLAR;3/2/2025;ERCO GENERACION S.A.S. ESP;PRUEBAS;SOLAR;AUTOGENERADOR;12/2/2026;YOPAL;85001;CASANARE;5082194.139;2137359.654
203;2007;CTM1;EL MORRO 1;19.90;12.40;SI;ND;GAS;22/5/2007;TERMOYOPAL GENERACION 2 S.A.S E.S.P.;INACTIVO;TERMICA;NORMAL;12/2/2026;YOPAL;85001;CASANARE;5082194.139;2137359.654
204;2007;CTM2;EL MORRO 2;19.90;13.84;SI;ND;GAS;8/8/2007;TERMOYOPAL GENERACION 2 S.A.S E.S.P.;INACTIVO;TERMICA;NORMAL;12/2/2026;YOPAL;85001;CASANARE;5082194.139;2137359.654
205;2021;3AXV;AGPE INGENIO DE OCCIDENTE;1.00;0.00;NO;ND;BAGAZO;3/3/2021;EMPRESA MUNICIPAL DE ENERGIA ELECTRICA S.A. E.S.P.;OPERACIÓN;TERMICA;AUTOG PEQ. ESCALA;12/2/2026;VILLA RICA;19845;CAUCA;4614997.671;1910107.833
206;1960;RBB1;RIO BOBO;4.00;0.00;SI;ND;AGUA;31/12/1959;CENTRALES ELECTRICAS DE NARIÑO S.A. E.S.P.;OPERACIÓN;HIDRAULICA;NORMAL;12/2/2026;SANTA ROSA;19701;CAUCA;4606261.04;1726314.793
207;1995;SLVJ;SALVAJINA;315.00;0.85;NO;DC;AGUA;19/7/1995;CELSIA COLOMBIA S.A. E.S.P.;OPERACIÓN;HIDRAULICA;NORMAL;12/2/2026;SUÁREZ;19780;CAUCA;4583596.446;1883232.293
208;1934;ASN1;ASNAZU;0.45;0.00;SI;ND;AGUA;31/12/1933;CENTRALES ELECTRICAS DEL CAUCA S.A. E.S.P.;OPERACIÓN;HIDRAULICA;NORMAL;12/2/2026;SUÁREZ;19780;CAUCA;4583596.446;1883232.293
209;1994;SLV1;SILVIA;0.38;0.00;SI;ND;AGUA;31/12/1993;CENTRALES ELECTRICAS DEL CAUCA S.A. E.S.P.;OPERACIÓN;HIDRAULICA;NORMAL;12/2/2026;SILVIA;19743;CAUCA;4627496.176;1851485.854
210;2022;3E98;AUTOG COLOMBINA DEL CAUCA;0.30;0.00;NO;ND;RAD SOLAR;29/5/2022;COMPAÑIA ENERGETICA DE OCCIDENTE S.A.S. ESP;INACTIVO;SOLAR;AUTOGENERADOR;12/2/2026;SANTANDER DE QUILICHAO;19698;CAUCA;4611115.406;1888411.956
211;1958;MND1;MONDOMO;0.75;0.00;SI;ND;AGUA;31/12/1957;CENTRALES ELECTRICAS DEL CAUCA S.A. E.S.P.;OPERACIÓN;HIDRAULICA;NORMAL;12/2/2026;SANTANDER DE QUILICHAO;19698;CAUCA;4611115.406;1888411.956
212;2025;4Z9S;SOLAR ARDOBELA II;9.90;0.00;SI;ND;RAD SOLAR;23/12/2025;ECOARDOBELA I S.A.S. E.S.P.;OPERACIÓN;SOLAR;NORMAL;12/2/2026;SANTANDER DE QUILICHAO;19698;CAUCA;4611115.406;1888411.956
213;2025;4Z9Q;SOLAR ARDOBELA I;9.90;0.00;SI;ND;RAD SOLAR;23/12/2025;ECOARDOBELA I S.A.S. E.S.P.;OPERACIÓN;SOLAR;NORMAL;12/2/2026;SANTANDER DE QUILICHAO;19698;CAUCA;4611115.406;1888411.956
214;2024;3MS2;CELSIA SOLAR PUERTO TEJADA;19.90;0.00;NO;ND;RAD SOLAR;2/12/2024;CELSIA COLOMBIA S.A. E.S.P.;PRUEBAS;SOLAR;AUTOGENERADOR;12/2/2026;PUERTO TEJADA;19573;CAUCA;4620150.146;1919622.953
215;1939;OVJ1;OVEJAS;0.82;0.00;SI;ND;AGUA;31/12/1938;CENTRALES ELECTRICAS DEL CAUCA S.A. E.S.P.;OPERACIÓN;HIDRAULICA;GEN. DISTRIBUIDA;12/2/2026;BUENOS AIRES;19110;CAUCA;4597488.244;1888958.108
216;2014;PNC1;COGENERADOR PROENCA;19.90;0.00;NO;ND;CARBON;28/4/2014;PROYECTOS ENERGETICOS DEL CAUCA S.A. E.S.P.;OPERACIÓN;COGENERADOR;COGENERADOR;12/2/2026;CALOTO;19142;CAUCA;4630899.834;1897032.974
217;2017;2SXS;COGENERADOR PROENCA II;17.00;0.10;NO;ND;CARBON;24/3/2017;PROYECTOS ENERGETICOS DEL CAUCA S.A. E.S.P.;INACTIVO;COGENERADOR;COGENERADOR;12/2/2026;CALOTO;19142;CAUCA;4630899.834;1897032.974
218;1960;LPLO;RIO PALO;1.44;0.00;SI;ND;AGUA;31/12/1959;CENTRALES ELECTRICAS DEL CAUCA S.A. E.S.P.;OPERACIÓN;HIDRAULICA;NORMAL;12/2/2026;CALOTO;19142;CAUCA;4630899.834;1897032.974
219;2017;2U5P;PROENCA II 1;17.00;0.00;SI;ND;CARBON;9/10/2017;PROYECTOS ENERGETICOS DEL CAUCA S.A. E.S.P.;OPERACIÓN;TERMICA;NORMAL;12/2/2026;GUACHENÉ;19300;CAUCA;4623079.059;1906107.295
220;2009;INZ1;INZA;0.75;0.00;SI;ND;AGUA;4/2/2009;CENTRALES ELECTRICAS DEL CAUCA S.A. E.S.P.;OPERACIÓN;HIDRAULICA;NORMAL;12/2/2026;INZÁ;19355;CAUCA;4651153.485;1834577.389
221;2026;5JQL;GD POLARIS III;0.99;0.00;SI;ND;RAD SOLAR;5/2/2026;UNERGY ENERGY DIGITAL S.A.S E.S.P;OPERACIÓN;SOLAR;GEN. DISTRIBUIDA;12/2/2026;MERCADERES;19450;CAUCA;4534799.528;1756773.86
222;2025;5BQA;GD POLARIS II;0.99;0.00;SI;ND;RAD SOLAR;20/9/2025;UNERGY ENERGY DIGITAL S.A.S E.S.P;OPERACIÓN;SOLAR;GEN. DISTRIBUIDA;12/2/2026;MERCADERES;19450;CAUCA;4534799.528;1756773.86
223;2025;4YLM;POLARIS I;0.99;0.00;SI;ND;RAD SOLAR;12/7/2025;UNERGY ENERGY DIGITAL S.A.S E.S.P;OPERACIÓN;SOLAR;GEN. DISTRIBUIDA;12/2/2026;MERCADERES;19450;CAUCA;4534799.528;1756773.86
224;2026;5JQL;GD POLARIS III;0.99;0.00;SI;ND;RAD SOLAR;5/2/2026;BIA ENERGY S.A.S. E.S.P;OPERACIÓN;SOLAR;GEN. DISTRIBUIDA;12/2/2026;MERCADERES;19450;CAUCA;4534799.528;1756773.86
225;1998;INC1;INCAUCA 1;60.00;0.00;NO;ND;BAGAZO;20/10/1998;NITRO ENERGY COLOMBIA S.A.S. E.S.P.;OPERACIÓN;COGENERADOR;COGENERADOR;12/2/2026;MIRANDA;19455;CAUCA;4642578.846;1915293.878
226;1995;SJN1;SAJANDI;3.20;0.00;SI;ND;AGUA;31/12/1994;CENTRALES ELECTRICAS DEL CAUCA S.A. E.S.P.;OPERACIÓN;HIDRAULICA;NORMAL;12/2/2026;PATÍA;19532;CAUCA;4549808.829;1797094.883
227;1930;PTC1;PATICO - LA CABRERA;1.48;0.00;SI;ND;AGUA;31/12/1929;FUENTES DE ENERGIAS RENOVABLES S.A.S. E.S.P.;OPERACIÓN;HIDRAULICA;NORMAL;12/2/2026;POPAYÁN;19001;CAUCA;4600571.115;1831681.018
228;2000;CCN1;COCONUCO;4.50;0.00;SI;ND;AGUA;26/9/2000;EMPRESA MUNICIPAL DE ENERGIA ELECTRICA S.A. E.S.P.;OPERACIÓN;HIDRAULICA;NORMAL;12/2/2026;POPAYÁN;19001;CAUCA;4600571.115;1831681.018
229;1975;FLRD;FLORIDA;19.90;0.83;SI;ND;AGUA;31/12/1974;CENTRALES ELECTRICAS DEL CAUCA S.A. E.S.P.;OPERACIÓN;HIDRAULICA;NORMAL;12/2/2026;POPAYÁN;19001;CAUCA;4600571.115;1831681.018
230;2024;MATA;LA MATA;80.00;0.00;NO;DC;RAD SOLAR;26/6/2024;SPK LA MATA S.A.S E.S.P;OPERACIÓN;SOLAR;NORMAL;12/2/2026;LA GLORIA;20383;CESAR;4932261.298;2507036.278
231;2025;4WWQ;MINIGRANJA IBIRICO;0.99;0.00;SI;ND;RAD SOLAR;20/7/2025;UNERGY ENERGY DIGITAL S.A.S E.S.P;OPERACIÓN;SOLAR;GEN. DISTRIBUIDA;12/2/2026;LA JAGUA DE IBIRICO;20400;CESAR;4964620.691;2610097.394
232;2024;3RGZ;MINIGRANJA LA PAZ LEYENDA;0.99;0.00;SI;ND;RAD SOLAR;1/12/2024;UNERGY ENERGY DIGITAL S.A.S E.S.P;OPERACIÓN;SOLAR;GEN. DISTRIBUIDA;12/2/2026;LA PAZ;20621;CESAR;4991409.357;2690038.519
233;2025;3Q9K;MINIGRANJA LA PAZ VERSO;0.99;0.00;SI;ND;RAD SOLAR;17/1/2025;UNERGY ENERGY DIGITAL S.A.S E.S.P;OPERACIÓN;SOLAR;GEN. DISTRIBUIDA;12/2/2026;LA PAZ;20621;CESAR;4991409.357;2690038.519
234;2025;4RMR;MINIGRANJA LA PAZ ESMERALDA;0.99;0.00;SI;ND;RAD SOLAR;25/2/2025;UNERGY ENERGY DIGITAL S.A.S E.S.P;OPERACIÓN;SOLAR;GEN. DISTRIBUIDA;12/2/2026;LA PAZ;20621;CESAR;4991409.357;2690038.519
235;2024;3MHB;MINIGRANJA LA PAZ VALLENATA;1.00;0.00;SI;ND;RAD SOLAR;12/8/2024;UNERGY ENERGY DIGITAL S.A.S E.S.P;OPERACIÓN;SOLAR;GEN. DISTRIBUIDA;12/2/2026;LA PAZ;20621;CESAR;4991409.357;2690038.519
236;2025;4ZIS;GD BLANCA ENERGY II;0.10;0.00;SI;ND;RAD SOLAR;16/8/2025;COENERGIA S.A.S. E.S.P.;OPERACIÓN;SOLAR;GEN. DISTRIBUIDA;12/2/2026;LA PAZ;20621;CESAR;4991409.357;2690038.519
237;2025;4ZIO;GD BLANCA ENERGY I;0.10;0.00;SI;ND;RAD SOLAR;16/8/2025;COENERGIA S.A.S. E.S.P.;OPERACIÓN;SOLAR;GEN. DISTRIBUIDA;12/2/2026;LA PAZ;20621;CESAR;4991409.357;2690038.519
238;2024;3KL4;POWER PLANT DRUMMOND 1;19.90;10.00;NO;ND;GAS;21/4/2024;DRUMMOND POWER S.A.S. E.S.P.;OPERACIÓN;TERMICA;AUTOGENERADOR;12/2/2026;EL PASO;20250;CESAR;4919043.068;2628152.837
239;2026;5IT3;GD SEMILLA DEL PASO III;0.99;0.00;SI;ND;RAD SOLAR;8/1/2026;ERCO GENERACION S.A.S. ESP;OPERACIÓN;SOLAR;GEN. DISTRIBUIDA;12/2/2026;EL PASO;20250;CESAR;4919043.068;2628152.837
240;2026;5IT2;GD SEMILLA DEL PASO IA;0.99;0.00;SI;ND;RAD SOLAR;8/1/2026;ERCO GENERACION S.A.S. ESP;OPERACIÓN;SOLAR;GEN. DISTRIBUIDA;12/2/2026;EL PASO;20250;CESAR;4919043.068;2628152.837
241;2024;EPFV;EL PASO;68.00;0.00;NO;DC;RAD SOLAR;22/3/2024;ENEL COLOMBIA SA ESP;OPERACIÓN;SOLAR;NORMAL;12/2/2026;EL PASO;20250;CESAR;4919043.068;2628152.837
242;2024;3DDT;LATAM SOLAR LA LOMA;150.00;0.00;NO;DC;RAD SOLAR;23/6/2024;ENEL COLOMBIA SA ESP;OPERACIÓN;SOLAR;NORMAL;12/2/2026;EL PASO;20250;CESAR;4919043.068;2628152.837
243;2024;3L9B;AUTOG EL COPEY;6.60;0.00;NO;ND;RAD SOLAR;30/5/2024;GENERADORA Y COMERCIALIZADORA DE ENERGIA DEL CARIBE S.A. E.S.P.;PRUEBAS;SOLAR;AUTOGENERADOR;12/2/2026;EL COPEY;20238;CESAR;4900053.859;2685257.04
244;2025;4YAW;AUTOG PALMERAS DE LA COSTA;3.20;0.00;NO;ND;RAD SOLAR;27/2/2025;VOLTAJE EMPRESARIAL S.A.S. E.S.P.;PRUEBAS;SOLAR;AUTOGENERADOR;12/2/2026;EL COPEY;20238;CESAR;4900053.859;2685257.04
245;2025;5E3J;MINIGRANJA EL COPEY OCCIDENTE;0.99;0.00;SI;ND;RAD SOLAR;27/2/2025;UNERGY ENERGY DIGITAL S.A.S E.S.P;PRUEBAS;SOLAR;GEN. DISTRIBUIDA;12/2/2026;EL COPEY;20238;CESAR;4900053.859;2685257.04
246;2024;3JQC;GANDALF;1.00;0.00;SI;ND;RAD SOLAR;21/2/2024;UNERGY ENERGY DIGITAL S.A.S E.S.P;OPERACIÓN;SOLAR;GEN. DISTRIBUIDA;12/2/2026;SAN DIEGO;20750;CESAR;4968459.561;2681768.214
247;2024;3JQE;CANAHUATE;1.00;0.00;SI;ND;RAD SOLAR;21/2/2024;UNERGY ENERGY DIGITAL S.A.S E.S.P;OPERACIÓN;SOLAR;GEN. DISTRIBUIDA;12/2/2026;SAN DIEGO;20750;CESAR;4968459.561;2681768.214
248;2024;3NR8;LA INGLESA;1.00;0.00;SI;ND;RAD SOLAR;15/9/2024;UNERGY ENERGY DIGITAL S.A.S E.S.P;OPERACIÓN;SOLAR;GEN. DISTRIBUIDA;12/2/2026;SAN DIEGO;20750;CESAR;4968459.561;2681768.214
249;2025;4Z8L;MINIGRANJA SAN DIEGO SUR;0.99;0.00;SI;ND;RAD SOLAR;6/12/2025;UNERGY ENERGY DIGITAL S.A.S E.S.P;OPERACIÓN;SOLAR;GEN. DISTRIBUIDA;12/2/2026;SAN DIEGO;20750;CESAR;4968459.561;2681768.214
250;2025;5FPV;GD ERCO PALMAS;0.99;0.00;SI;ND;RAD SOLAR;24/11/2025;ERCO GENERACION S.A.S. ESP;OPERACIÓN;SOLAR;GEN. DISTRIBUIDA;12/2/2026;TAMALAMEQUE;20787;CESAR;4916102.211;2541767.484
251;2025;5GF5;GD BLANCA ENERGY SOLAR 24;0.10;0.00;SI;ND;RAD SOLAR;8/12/2025;COENERGIA S.A.S. E.S.P.;OPERACIÓN;SOLAR;GEN. DISTRIBUIDA;12/2/2026;VALLEDUPAR;20001;CESAR;4949533.847;2686978.504
252;2025;5GF6;GD BLANCA ENERGY SOLAR 23;0.10;0.00;SI;ND;RAD SOLAR;8/12/2025;COENERGIA S.A.S. E.S.P.;OPERACIÓN;SOLAR;GEN. DISTRIBUIDA;12/2/2026;VALLEDUPAR;20001;CESAR;4949533.847;2686978.504
253;2025;5GFB;GD JARDINCITO;0.99;0.00;SI;ND;RAD SOLAR;6/12/2025;GREENYELLOW COMERCIALIZADORA S.A.S. E.S.P.;OPERACIÓN;SOLAR;GEN. DISTRIBUIDA;12/2/2026;VALLEDUPAR;20001;CESAR;4949533.847;2686978.504
254;2025;5H1N;GD LAS PILONERAS;0.99;0.00;SI;ND;RAD SOLAR;30/10/2025;UNERGY ENERGY DIGITAL S.A.S E.S.P;PRUEBAS;SOLAR;GEN. DISTRIBUIDA;12/2/2026;VALLEDUPAR;20001;CESAR;4949533.847;2686978.504
255;2025;5H1M;GD LA CACICA;0.99;0.00;SI;ND;RAD SOLAR;29/11/2025;UNERGY ENERGY DIGITAL S.A.S E.S.P;PRUEBAS;SOLAR;GEN. DISTRIBUIDA;12/2/2026;VALLEDUPAR;20001;CESAR;4949533.847;2686978.504
256;2025;4XOU;MINIGRANJA LA CUMBIA;0.99;0.00;SI;ND;RAD SOLAR;29/4/2025;UNERGY ENERGY DIGITAL S.A.S E.S.P;PRUEBAS;SOLAR;GEN. DISTRIBUIDA;12/2/2026;VALLEDUPAR;20001;CESAR;4949533.847;2686978.504
257;2025;4Z8P;MINIGRANJA EL MAPALE;0.99;0.00;SI;ND;RAD SOLAR;29/6/2025;UNERGY ENERGY DIGITAL S.A.S E.S.P;PRUEBAS;SOLAR;GEN. DISTRIBUIDA;12/2/2026;VALLEDUPAR;20001;CESAR;4949533.847;2686978.504
258;2025;5AXC;VALLEDUPAR II;19.90;0.00;SI;ND;RAD SOLAR;30/7/2025;CELSIA COLOMBIA S.A. E.S.P.;PRUEBAS;SOLAR;NORMAL;12/2/2026;VALLEDUPAR;20001;CESAR;4949533.847;2686978.504
259;2026;5ISY;GD BLANCA ENERGY III;0.99;0.00;SI;ND;RAD SOLAR;7/2/2026;DUCK ENERGY S.A.S. ESP;OPERACIÓN;SOLAR;GEN. DISTRIBUIDA;12/2/2026;VALLEDUPAR;20001;CESAR;4949533.847;2686978.504
260;2025;4SO8;MINIGRANJA LA PUYA;0.99;0.00;SI;ND;RAD SOLAR;6/4/2025;UNERGY ENERGY DIGITAL S.A.S E.S.P;OPERACIÓN;SOLAR;GEN. DISTRIBUIDA;12/2/2026;VALLEDUPAR;20001;CESAR;4949533.847;2686978.504
261;2025;4SO2;MINIGRANJA EL MERENGUE;0.99;0.00;SI;ND;RAD SOLAR;15/4/2025;UNERGY ENERGY DIGITAL S.A.S E.S.P;OPERACIÓN;SOLAR;GEN. DISTRIBUIDA;12/2/2026;VALLEDUPAR;20001;CESAR;4949533.847;2686978.504
262;2025;4Z8N;MINIGRANJA EL JOROPO;0.99;0.00;SI;ND;RAD SOLAR;27/2/2025;UNERGY ENERGY DIGITAL S.A.S E.S.P;PRUEBAS;SOLAR;GEN. DISTRIBUIDA;12/2/2026;VALLEDUPAR;20001;CESAR;4949533.847;2686978.504
263;2025;5E3F;MINIGRANJA VALENCIA ORIENTE II;0.99;0.00;SI;ND;RAD SOLAR;30/3/2025;UNERGY ENERGY DIGITAL S.A.S E.S.P;PRUEBAS;SOLAR;GEN. DISTRIBUIDA;12/2/2026;VALLEDUPAR;20001;CESAR;4949533.847;2686978.504
264;2025;5H1F;MINIGRANJA VALENCIA ORIENTE I;0.99;0.00;SI;ND;RAD SOLAR;30/3/2025;UNERGY ENERGY DIGITAL S.A.S E.S.P;PRUEBAS;SOLAR;GEN. DISTRIBUIDA;12/2/2026;VALLEDUPAR;20001;CESAR;4949533.847;2686978.504
265;2025;4S7E;MINIGRANJA EL SON;0.99;0.00;SI;ND;RAD SOLAR;27/4/2025;UNERGY ENERGY DIGITAL S.A.S E.S.P;OPERACIÓN;SOLAR;GEN. DISTRIBUIDA;12/2/2026;VALLEDUPAR;20001;CESAR;4949533.847;2686978.504
266;2025;4ZEP;GD ERCO MARIANGOLA;0.99;0.00;SI;ND;RAD SOLAR;12/8/2025;ERCO GENERACION S.A.S. ESP;OPERACIÓN;SOLAR;GEN. DISTRIBUIDA;12/2/2026;VALLEDUPAR;20001;CESAR;4949533.847;2686978.504
267;2026;5E6T;SOL Y CIELO VII;0.99;0.00;SI;ND;RAD SOLAR;1/1/2026;UNERGY ENERGY DIGITAL S.A.S E.S.P;OPERACIÓN;SOLAR;GEN. DISTRIBUIDA;12/2/2026;TIERRALTA;23807;CÓRDOBA;4650632.804;2422722.468
268;2025;PSUA;PARQUE SOLAR URRA;20.00;0.00;NO;DC;RAD SOLAR;30/1/2025;EMPRESA URRA S.A. E.S.P.;PRUEBAS;SOLAR;NORMAL;12/2/2026;TIERRALTA;23807;CÓRDOBA;4650632.804;2422722.468
269;2000;URA1;URRA;338.00;0.47;NO;DC;AGUA;13/2/2000;EMPRESA URRA S.A. E.S.P.;OPERACIÓN;HIDRAULICA;NORMAL;12/2/2026;TIERRALTA;23807;CÓRDOBA;4650632.804;2422722.468
270;2025;5AUM;GD GRANJA SAN PELAYO;0.99;0.00;SI;ND;RAD SOLAR;16/10/2025;DUCK ENERGY S.A.S. ESP;OPERACIÓN;SOLAR;GEN. DISTRIBUIDA;12/2/2026;SAN PELAYO;23686;CÓRDOBA;4680181.993;2552424.143
271;2025;5F74;GD SAN PELAYO;0.99;0.00;SI;ND;RAD SOLAR;29/9/2025;UNERGY ENERGY DIGITAL S.A.S E.S.P;PRUEBAS;SOLAR;GEN. DISTRIBUIDA;12/2/2026;SAN PELAYO;23686;CÓRDOBA;4680181.993;2552424.143
272;2024;3IZ6;PARQUE SOLAR LA UNION;100.00;0.00;NO;DC;RAD SOLAR;18/6/2024;SPK LA UNIÓN S.A.S. E.S.P.;OPERACIÓN;SOLAR;NORMAL;12/2/2026;SAN CARLOS;23678;CÓRDOBA;4703835.474;2521112.887
273;2024;3J2B;SOLAR PLANETA RICA;19.90;0.00;SI;ND;RAD SOLAR;16/4/2024;CELSIA COLOMBIA S.A. E.S.P.;OPERACIÓN;SOLAR;NORMAL;12/2/2026;PLANETA RICA;23555;CÓRDOBA;4703808.007;2463006.427
274;2024;3K6T;SOLAR ALEJANDRIA;9.40;0.00;SI;ND;RAD SOLAR;26/4/2024;GREENYELLOW COMERCIALIZADORA S.A.S. E.S.P.;PRUEBAS;SOLAR;NORMAL;12/2/2026;PLANETA RICA;23555;CÓRDOBA;4703808.007;2463006.427
275;2024;3PXH;CENTRO SOLAR;9.90;0.00;SI;ND;RAD SOLAR;10/12/2024;GR POWER COLOMBIA S.A.S E.S.P.;PRUEBAS;SOLAR;NORMAL;12/2/2026;PLANETA RICA;23555;CÓRDOBA;4703808.007;2463006.427
276;2022;3CSH;GY SOLAR AURORA;9.90;0.00;SI;ND;RAD SOLAR;10/8/2022;GREENYELLOW COMERCIALIZADORA S.A.S. E.S.P.;PRUEBAS;SOLAR;NORMAL;12/2/2026;PLANETA RICA;23555;CÓRDOBA;4703808.007;2463006.427
277;2015;GEC3;GECELCA 3;164.00;9.97;NO;DC;CARBON;16/9/2015;GENERADORA Y COMERCIALIZADORA DE ENERGIA DEL CARIBE S.A. E.S.P.;OPERACIÓN;TERMICA;NORMAL;12/2/2026;PUERTO LIBERTADOR;23580;CÓRDOBA;4694401.103;2411098.533
278;2018;GE32;GECELCA 32;270.00;10.25;NO;DC;CARBON;27/9/2018;GENERADORA Y COMERCIALIZADORA DE ENERGIA DEL CARIBE S.A. E.S.P.;OPERACIÓN;TERMICA;NORMAL;12/2/2026;PUERTO LIBERTADOR;23580;CÓRDOBA;4694401.103;2411098.533
279;2022;3ENA;TESORITO;200.00;7.52;NO;DC;GAS;13/9/2022;CELSIA COLOMBIA S.A. E.S.P.;OPERACIÓN;TERMICA;NORMAL;12/2/2026;SAHAGÚN;23660;CÓRDOBA;4732874.909;2531155.1
280;2025;4QPJ;SOL DEL MAR II;9.90;0.00;SI;ND;RAD SOLAR;4/4/2025;GR POWER COLOMBIA S.A.S E.S.P.;EN TRAMITE;SOLAR;NORMAL;12/2/2026;AYAPEL;23068;CÓRDOBA;4774425.352;2471941.422
281;2023;3J2H;PETALO DE CORDOBA II;9.90;0.00;SI;ND;RAD SOLAR;15/12/2023;BCCY CORDOBA S.A.S. E.S.P.;PRUEBAS;SOLAR;NORMAL;12/2/2026;CHINÚ;23182;CÓRDOBA;4739088.592;2559231.761
282;2023;3HBN;TIERRA LINDA;9.90;0.00;SI;ND;RAD SOLAR;3/4/2023;ATLÁNTICA COLOMBIA S.A.S. E.S.P.;PRUEBAS;SOLAR;NORMAL;12/2/2026;CHINÚ;23182;CÓRDOBA;4739088.592;2559231.761
283;2025;3PXJ;BUENAVISTA;6.80;0.00;SI;ND;RAD SOLAR;4/4/2025;GR POWER COLOMBIA S.A.S E.S.P.;EN TRAMITE;SOLAR;NORMAL;12/2/2026;BUENAVISTA;23079;CÓRDOBA;4731948.783;2463954.824
284;2025;4SS7;SOL Y CIELO IV;0.99;0.00;SI;ND;RAD SOLAR;20/3/2025;ENERGIA Y GAS DE COLOMBIA SAS ESP;OPERACIÓN;SOLAR;GEN. DISTRIBUIDA;12/2/2026;BUENAVISTA;23079;CÓRDOBA;4731948.783;2463954.824
285;2024;3QK6;AUTOG BIOS CIENAGA ORO;1.10;0.00;NO;ND;RAD SOLAR;3/11/2024;EMPRESAS PUBLICAS DE MEDELLIN E.S.P.;PRUEBAS;SOLAR;AUTOGENERADOR;12/2/2026;CIÉNAGA DE ORO;23189;CÓRDOBA;4713264.674;2536023.351
286;2022;3GPZ;MONTELIBANO;9.90;0.00;SI;ND;RAD SOLAR;20/12/2022;CELSIA COLOMBIA S.A. E.S.P.;PRUEBAS;SOLAR;NORMAL;12/2/2026;MONTELÍBANO;23466;CÓRDOBA;4682752.613;2428095.528
287;2025;4XQ2;PARQUE SOLAR INTI I;9.90;0.00;SI;ND;RAD SOLAR;30/3/2025;EMPRESA URRA S.A. E.S.P.;PRUEBAS;SOLAR;NORMAL;12/2/2026;LA APARTADA;23350;CÓRDOBA;4747913.9;2448468.988
288;2026;5IKU;GD SEMILLAS MONTERIA II;0.99;0.00;SI;ND;RAD SOLAR;11/1/2026;SUNCOLOMBIA GENERACIÓN S.A.S E.S.P;OPERACIÓN;SOLAR;GEN. DISTRIBUIDA;12/2/2026;MONTERÍA;23001;CÓRDOBA;4675325.972;2507852.253
289;2026;5IKT;GD SEMILLAS MONTERIA I;0.99;0.00;SI;ND;RAD SOLAR;11/1/2026;SUNCOLOMBIA GENERACIÓN S.A.S E.S.P;OPERACIÓN;SOLAR;GEN. DISTRIBUIDA;12/2/2026;MONTERÍA;23001;CÓRDOBA;4675325.972;2507852.253
290;2025;4YL2;GD GRANJA LA RUBIELA;0.99;0.00;SI;ND;RAD SOLAR;18/7/2025;EMPRESA DE ENERGIA DEL PUTUMAYO S.A. E.S.P.;OPERACIÓN;SOLAR;GEN. DISTRIBUIDA;12/2/2026;MONTERÍA;23001;CÓRDOBA;4675325.972;2507852.253
291;2024;3KJK;SOL Y CIELO I;9.90;0.00;SI;ND;RAD SOLAR;25/5/2024;ENERGIA Y GAS DE COLOMBIA SAS ESP;PRUEBAS;SOLAR;NORMAL;12/2/2026;MONTERÍA;23001;CÓRDOBA;4675325.972;2507852.253
292;2025;4UZS;SOL Y CIELO V;0.99;0.00;SI;ND;RAD SOLAR;7/5/2025;ENERGIA Y GAS DE COLOMBIA SAS ESP;OPERACIÓN;SOLAR;GEN. DISTRIBUIDA;12/2/2026;MONTERÍA;23001;CÓRDOBA;4675325.972;2507852.253
293;2025;4S7I;SOL Y CIELO II;0.99;0.00;SI;ND;RAD SOLAR;6/3/2025;ENERGIA Y GAS DE COLOMBIA SAS ESP;OPERACIÓN;SOLAR;GEN. DISTRIBUIDA;12/2/2026;MONTERÍA;23001;CÓRDOBA;4675325.972;2507852.253
294;2025;4S7K;SOL Y CIELO III;0.99;0.00;SI;ND;RAD SOLAR;6/3/2025;ENERGIA Y GAS DE COLOMBIA SAS ESP;OPERACIÓN;SOLAR;GEN. DISTRIBUIDA;12/2/2026;MONTERÍA;23001;CÓRDOBA;4675325.972;2507852.253
295;2025;4VBC;SOL Y CIELO VI;0.99;0.00;SI;ND;RAD SOLAR;7/5/2025;ENERGIA Y GAS DE COLOMBIA SAS ESP;OPERACIÓN;SOLAR;GEN. DISTRIBUIDA;12/2/2026;MONTERÍA;23001;CÓRDOBA;4675325.972;2507852.253
296;2025;4SO6;LA MARTINA;9.90;0.00;SI;ND;RAD SOLAR;4/4/2025;ERCO GENERACION S.A.S. ESP;PRUEBAS;SOLAR;NORMAL;12/2/2026;PARATEBUENO;25530;CUNDINAMARCA;4973196.856;2040683.102
297;1986;PGUG;PAGUA;600.00;16.03;NO;DC;AGUA;30/11/1986;ENEL COLOMBIA SA ESP;OPERACIÓN;HIDRAULICA;NORMAL;12/2/2026;LA MESA;25386;CUNDINAMARCA;4836651.17;2072075.543
298;2013;DVS1;DARIO VALENCIA SAMPER;150.00;7.97;NO;DC;AGUA;9/11/2013;ENEL COLOMBIA SA ESP;OPERACIÓN;HIDRAULICA;FILO DE AGUA;12/2/2026;LA MESA;25386;CUNDINAMARCA;4836651.17;2072075.543
299;2005;JNC1;LA JUNCA;19.40;0.00;SI;ND;AGUA;31/12/2004;ENEL COLOMBIA SA ESP;INACTIVO;HIDRAULICA;NORMAL;12/2/2026;LA MESA;25386;CUNDINAMARCA;4836651.17;2072075.543
300;2003;TIN1;LA TINTA;19.40;0.00;SI;ND;AGUA;5/12/2003;ENEL COLOMBIA SA ESP;INACTIVO;HIDRAULICA;NORMAL;12/2/2026;LA MESA;25386;CUNDINAMARCA;4836651.17;2072075.543
301;2002;SUV1;SUEVA 2;6.00;0.00;SI;ND;AGUA;23/5/2002;CEMEX ENERGY S.A.S E.S.P.;OPERACIÓN;HIDRAULICA;NORMAL;12/2/2026;JUNÍN;25372;CUNDINAMARCA;4923231.441;2077953.321
302;2024;3PK3;AUTOG MILPA SAN CARLOS;1.80;0.00;NO;ND;RAD SOLAR;28/9/2024;ENEL COLOMBIA SA ESP;PRUEBAS;SOLAR;AUTOGENERADOR;12/2/2026;GUACHETÁ;25317;CUNDINAMARCA;4923222.263;2153330.023
303;2024;3PKF;AUTOG UNIMINAS;1.80;0.00;NO;ND;RAD SOLAR;28/9/2024;ENEL COLOMBIA SA ESP;PRUEBAS;SOLAR;AUTOGENERADOR;12/2/2026;GUACHETÁ;25317;CUNDINAMARCA;4923222.263;2153330.023
304;2024;3LLY;PARQUE SOLAR HONDA II;9.90;0.00;SI;ND;RAD SOLAR;30/8/2024;ATLÁNTICA COLOMBIA S.A.S. E.S.P.;PRUEBAS;SOLAR;NORMAL;12/2/2026;GUADUAS;25320;CUNDINAMARCA;4818279.935;2129902.353
305;2023;3J1J;PARQUE SOLAR HONDA I;9.90;0.00;SI;ND;RAD SOLAR;27/12/2023;ATLÁNTICA COLOMBIA S.A.S. E.S.P.;PRUEBAS;SOLAR;NORMAL;12/2/2026;GUADUAS;25320;CUNDINAMARCA;4818279.935;2129902.353
306;2025;PORO;PARQUE SOLAR PUERTA DE ORO;300.00;0.00;NO;DC;RAD SOLAR;30/5/2025;PARQUE SOLAR PUERTA DE ORO S.A.S. E.S.P.;PRUEBAS;SOLAR;NORMAL;12/2/2026;GUADUAS;25320;CUNDINAMARCA;4818279.935;2129902.353
307;2024;3LMH;JEQUES;9.90;0.00;SI;ND;RAD SOLAR;3/10/2024;GREENYELLOW COMERCIALIZADORA S.A.S. E.S.P.;PRUEBAS;SOLAR;NORMAL;12/2/2026;CUCUNUBÁ;25224;CUNDINAMARCA;4913594.124;2135994.014
308;2014;2QEK;SALTO II;35.00;3.37;NO;DC;AGUA;24/6/2014;ENEL COLOMBIA SA ESP;OPERACIÓN;HIDRAULICA;FILO DE AGUA;12/2/2026;EL COLEGIO;25245;CUNDINAMARCA;4841802.249;2061694.635
309;2014;NAV1;LA NAVETA;4.80;0.15;SI;ND;AGUA;26/11/2014;IAC ENERGY S.A.S. E.S.P.;OPERACIÓN;HIDRAULICA;NORMAL;12/2/2026;APULO;25599;CUNDINAMARCA;4823524.411;2059604.736
310;1975;RNG1;RIONEGRO;10.20;0.00;SI;ND;AGUA;31/12/1974;ESPACIO PRODUCTIVO S.A.S. E.S.P.;OPERACIÓN;HIDRAULICA;NORMAL;12/2/2026;PUERTO SALGAR;25572;CUNDINAMARCA;4825050.792;2179206.74
311;2018;2UPH;TEQUENDAMA 4;14.20;1.00;SI;ND;AGUA;2/4/2018;ENEL COLOMBIA SA ESP;OPERACIÓN;HIDRAULICA;NORMAL;12/2/2026;SAN ANTONIO DEL TEQUENDAMA;25645;CUNDINAMARCA;4850870.786;2066407.008
312;2018;2UPF;TEQUENDAMA 3;14.20;1.00;SI;ND;AGUA;2/4/2018;ENEL COLOMBIA SA ESP;OPERACIÓN;HIDRAULICA;NORMAL;12/2/2026;SAN ANTONIO DEL TEQUENDAMA;25645;CUNDINAMARCA;4850870.786;2066407.008
313;2018;2UPD;TEQUENDAMA 2;14.20;1.00;SI;ND;AGUA;2/4/2018;ENEL COLOMBIA SA ESP;OPERACIÓN;HIDRAULICA;NORMAL;12/2/2026;SAN ANTONIO DEL TEQUENDAMA;25645;CUNDINAMARCA;4850870.786;2066407.008
314;2018;2UPJ;TEQUENDAMA 1;14.20;1.00;SI;ND;AGUA;2/4/2018;ENEL COLOMBIA SA ESP;OPERACIÓN;HIDRAULICA;NORMAL;12/2/2026;SAN ANTONIO DEL TEQUENDAMA;25645;CUNDINAMARCA;4850870.786;2066407.008
315;2014;2R22;LAGUNETA;18.00;2.51;SI;ND;AGUA;16/12/2014;ENEL COLOMBIA SA ESP;OPERACIÓN;HIDRAULICA;NORMAL;12/2/2026;SAN ANTONIO DEL TEQUENDAMA;25645;CUNDINAMARCA;4850870.786;2066407.008
316;2003;LMR1;EL LIMONAR;18.00;0.00;SI;ND;AGUA;5/12/2003;ENEL COLOMBIA SA ESP;OPERACIÓN;HIDRAULICA;NORMAL;12/2/2026;SAN ANTONIO DEL TEQUENDAMA;25645;CUNDINAMARCA;4850870.786;2066407.008
317;2004;TQD1;TEQUENDAMA;19.40;0.00;SI;ND;AGUA;9/4/2004;ENEL COLOMBIA SA ESP;INACTIVO;HIDRAULICA;NORMAL;12/2/2026;SAN ANTONIO DEL TEQUENDAMA;25645;CUNDINAMARCA;4850870.786;2066407.008
318;2024;3QCI;CONDOR;9.90;0.00;SI;ND;RAD SOLAR;19/12/2024;TERMOEMCALI I S.A. E.S.P.;PRUEBAS;SOLAR;NORMAL;12/2/2026;SIMIJACA;25745;CUNDINAMARCA;4906416.863;2166886.374
319;2025;5AD4;AUTOG CORONA SOPO;4.83;0.00;NO;ND;RAD SOLAR;30/7/2025;ENEL COLOMBIA SA ESP;PRUEBAS;SOLAR;AUTOGENERADOR;12/2/2026;SOPÓ;25758;CUNDINAMARCA;4892948.052;2098199.802
320;2003;CQT1;CHARQUITO;19.40;1.15;SI;ND;AGUA;21/8/2003;ENEL COLOMBIA SA ESP;OPERACIÓN;HIDRAULICA;NORMAL;12/2/2026;SOACHA;25754;CUNDINAMARCA;4862467.227;2064428.639
321;1985;ZPA5;ZIPAEMG 5;63.00;11.59;NO;DC;CARBON;13/12/1985;ENEL COLOMBIA SA ESP;OPERACIÓN;TERMICA;NORMAL;12/2/2026;TOCANCIPÁ;25817;CUNDINAMARCA;4897062.544;2107123.339
322;1981;ZPA4;ZIPAEMG 4;64.00;11.71;NO;DC;CARBON;31/3/1981;ENEL COLOMBIA SA ESP;OPERACIÓN;TERMICA;NORMAL;12/2/2026;TOCANCIPÁ;25817;CUNDINAMARCA;4897062.544;2107123.339
323;1976;ZPA3;ZIPAEMG 3;63.00;11.70;NO;DC;CARBON;31/12/1975;ENEL COLOMBIA SA ESP;OPERACIÓN;TERMICA;NORMAL;12/2/2026;TOCANCIPÁ;25817;CUNDINAMARCA;4897062.544;2107123.339
324;1964;ZPA2;ZIPAEMG 2;34.00;10.94;NO;DC;CARBON;31/12/1963;ENEL COLOMBIA SA ESP;OPERACIÓN;TERMICA;NORMAL;12/2/2026;TOCANCIPÁ;25817;CUNDINAMARCA;4897062.544;2107123.339
325;2018;2V27;AUTOG COCA-COLA FEMSA 1;2.44;0.00;SI;ND;GAS;24/7/2018;DEPI ENERGY S.A.S. E.S.P.;OPERACIÓN;TERMICA;AUTOGENERADOR;12/2/2026;TOCANCIPÁ;25817;CUNDINAMARCA;4897062.544;2107123.339
326;2016;2S8N;GUAVIO MENOR;9.90;0.00;SI;ND;AGUA;26/4/2016;ENEL COLOMBIA SA ESP;OPERACIÓN;HIDRAULICA;NORMAL;12/2/2026;UBALÁ;25839;CUNDINAMARCA;4947177.597;2088832.614
327;1993;GVIO;GUAVIO;1,250.00;9.84;NO;DC;AGUA;18/3/1993;ENEL COLOMBIA SA ESP;OPERACIÓN;HIDRAULICA;NORMAL;12/2/2026;UBALÁ;25839;CUNDINAMARCA;4947177.597;2088832.614
328;2005;SNT1;SANTA ANA;8.00;0.00;SI;ND;AGUA;8/6/2005;ENEL COLOMBIA SA ESP;OPERACIÓN;HIDRAULICA;NORMAL;12/2/2026;UBALÁ;25839;CUNDINAMARCA;4947177.597;2088832.614
329;1987;CHBG;BETANIA;540.00;0.59;NO;DC;AGUA;31/10/1987;ENEL COLOMBIA SA ESP;OPERACIÓN;HIDRAULICA;NORMAL;12/2/2026;YAGUARÁ;41885;HUILA;4720358.336;1850742.272
330;2026;5F6W;GD ESPERANZA I;0.96;0.00;SI;ND;RAD SOLAR;6/2/2026;NEXTGY S.A.S. E.S.P.;OPERACIÓN;SOLAR;GEN. DISTRIBUIDA;12/2/2026;RIVERA;41615;HUILA;4751583.397;1866854.324
331;2024;3KOD;ECOPARQUE SOLAR BRISAS;4.00;0.00;SI;ND;RAD SOLAR;26/4/2024;GENERADORA Y COMERCIALIZADORA DE ENERGIA DEL CARIBE S.A. E.S.P.;INACTIVO;SOLAR;AUTOGENERADOR;12/2/2026;AIPE;41016;HUILA;4747114.408;1916686.838
332;2024;3RKN;ECOPARQUE BRISAS;4.00;0.00;NO;ND;RAD SOLAR;3/12/2024;GENERADORA Y COMERCIALIZADORA DE ENERGIA DEL CARIBE S.A. E.S.P.;INACTIVO;SOLAR;AUTOGENERADOR;12/2/2026;AIPE;41016;HUILA;4747114.408;1916686.838
333;1965;PTA1;LA PITA;1.42;0.00;SI;ND;AGUA;31/12/1964;ELECTRIFICADORA DEL HUILA S.A. E.S.P.;OPERACIÓN;HIDRAULICA;NORMAL;12/2/2026;GARZÓN;41298;HUILA;4714098.44;1798317.196
334;2015;QUI1;EL QUIMBO;400.00;1.09;NO;DC;AGUA;15/11/2015;ENEL COLOMBIA SA ESP;OPERACIÓN;HIDRAULICA;NORMAL;12/2/2026;GIGANTE;41306;HUILA;4720180.646;1820353.353
335;1965;IQU2;IQUIRA II;1.38;0.00;SI;ND;AGUA;31/12/1964;ELECTRIFICADORA DEL HUILA S.A. E.S.P.;OPERACIÓN;HIDRAULICA;NORMAL;12/2/2026;ÍQUIRA;41357;HUILA;4702806.32;1855752.392
336;1955;IQU1;IQUIRA I;4.32;0.00;SI;ND;AGUA;31/12/1954;ELECTRIFICADORA DEL HUILA S.A. E.S.P.;OPERACIÓN;HIDRAULICA;NORMAL;12/2/2026;ÍQUIRA;41357;HUILA;4702806.32;1855752.392
337;2026;5F6V;GD ESPERANZA II;0.96;0.00;SI;ND;RAD SOLAR;6/2/2026;NEXTGY S.A.S. E.S.P.;OPERACIÓN;SOLAR;GEN. DISTRIBUIDA;12/2/2026;PALERMO;41524;HUILA;4728790.07;1880356.134
338;2024;3KXQ;AUTOG BIOS CONTEGRAL NEIVA;1.60;0.00;NO;ND;RAD SOLAR;23/5/2024;EMPRESAS PUBLICAS DE MEDELLIN E.S.P.;PRUEBAS;SOLAR;AUTOGENERADOR;12/2/2026;NEIVA;41001;HUILA;4747518.906;1889042.275
339;2025;5F3Q;GD WE2021;0.99;0.00;SI;ND;RAD SOLAR;8/11/2025;CEE ENERGY SAS ESP;OPERACIÓN;SOLAR;GEN. DISTRIBUIDA;12/2/2026;DIBULLA;44090;LA GUAJIRA;4952433.026;2783560.221
340;2025;5F3P;GD WE202;0.99;0.00;SI;ND;RAD SOLAR;8/11/2025;CEE ENERGY SAS ESP;OPERACIÓN;SOLAR;GEN. DISTRIBUIDA;12/2/2026;DIBULLA;44090;LA GUAJIRA;4952433.026;2783560.221
341;1987;TGJ2;GUAJIRA 2;130.00;10.22;NO;DC;MEZCLA GAS - CARBÓN;22/11/1987;GENERADORA Y COMERCIALIZADORA DE ENERGIA DEL CARIBE S.A. E.S.P.;OPERACIÓN;TERMICA;NORMAL;12/2/2026;DIBULLA;44090;LA GUAJIRA;4952433.026;2783560.221
342;1983;TGJ1;GUAJIRA 1;145.00;10.15;NO;DC;CARBON;7/8/1983;GENERADORA Y COMERCIALIZADORA DE ENERGIA DEL CARIBE S.A. E.S.P.;OPERACIÓN;TERMICA;NORMAL;12/2/2026;DIBULLA;44090;LA GUAJIRA;4952433.026;2783560.221
343;2024;3NR4;MINIGRANJA EL MOLINO;1.00;0.00;SI;ND;RAD SOLAR;29/9/2024;UNERGY ENERGY DIGITAL S.A.S E.S.P;OPERACIÓN;SOLAR;GEN. DISTRIBUIDA;12/2/2026;EL MOLINO;44110;LA GUAJIRA;5012481.854;2733390.557
344;2025;4S66;GD DIOCESIS DE RIOHACHA;0.15;0.00;SI;ND;RAD SOLAR;24/1/2025;ENERGIA LIMPIA Y EFICIENTE S.A.S ESP;OPERACIÓN;SOLAR;GEN. DISTRIBUIDA;12/2/2026;RIOHACHA;44001;LA GUAJIRA;5004490.072;2800395.05
345;1983;BLL2;BALLENA 2;13.00;0.00;NO;DC;GAS;31/12/1982;CORPORACION ELECTRICA DE LA COSTA ATLANTICA S.A. E.S.P.;INACTIVO;TERMICA;NORMAL;12/2/2026;RIOHACHA;44001;LA GUAJIRA;5004490.072;2800395.05
346;1983;BLL1;BALLENA 1;13.00;0.00;NO;DC;GAS;31/12/1982;CORPORACION ELECTRICA DE LA COSTA ATLANTICA S.A. E.S.P.;INACTIVO;TERMICA;NORMAL;12/2/2026;RIOHACHA;44001;LA GUAJIRA;5004490.072;2800395.05
347;2025;4S1G;MINIGRANJA VILLANUEVA;0.99;0.00;SI;ND;RAD SOLAR;24/7/2025;UNERGY ENERGY DIGITAL S.A.S E.S.P;OPERACIÓN;SOLAR;GEN. DISTRIBUIDA;12/2/2026;VILLANUEVA;44874;LA GUAJIRA;5002712.649;2727525.466
348;2022;3EE4;PARQUE EOLICO GUAJIRA I;19.90;0.00;SI;ND;VIENTO;29/4/2022;ISAGEN S.A. E.S.P.;PRUEBAS;EOLICA;NORMAL;12/2/2026;URIBIA;44847;LA GUAJIRA;5136130.636;2884356.169
349;2004;JPR1;JEPIRACHI 1 - 15;18.42;0.00;SI;ND;VIENTO;26/4/2004;EMPRESAS PUBLICAS DE MEDELLIN E.S.P.;INACTIVO;EOLICA;NORMAL;12/2/2026;URIBIA;44847;LA GUAJIRA;5136130.636;2884356.169
350;2022;3EXH;PARQUE EOLICO WESP01;12.00;0.00;SI;ND;VIENTO;30/8/2022;ISAGEN S.A. E.S.P.;PRUEBAS;EOLICA;NORMAL;12/2/2026;URIBIA;44847;LA GUAJIRA;5136130.636;2884356.169
351;2024;5G3U;SOL DE ZAWADY;9.90;0.00;SI;ND;RAD SOLAR;30/10/2024;GR POWER COLOMBIA S.A.S E.S.P.;PRUEBAS;SOLAR;NORMAL;12/2/2026;ZONA BANANERA;47980;MAGDALENA;4871268.231;2751279.72
352;2023;3HWM;PETALO DEL MAGDALENA;9.90;0.00;SI;ND;RAD SOLAR;4/8/2023;CELSIA COLOMBIA S.A. E.S.P.;PRUEBAS;SOLAR;NORMAL;12/2/2026;ZONA BANANERA;47980;MAGDALENA;4871268.231;2751279.72
353;2025;5DW8;GD SEMILLA DE GUACAMAYAL II;0.96;0.00;SI;ND;RAD SOLAR;11/10/2025;GREENYELLOW COMERCIALIZADORA S.A.S. E.S.P.;OPERACIÓN;SOLAR;GEN. DISTRIBUIDA;12/2/2026;ZONA BANANERA;47980;MAGDALENA;4871268.231;2751279.72
354;2024;3HF5;FUNDACION;100.00;0.00;NO;DC;RAD SOLAR;23/6/2024;ENEL COLOMBIA SA ESP;OPERACIÓN;SOLAR;NORMAL;12/2/2026;PIVIJAY;47551;MAGDALENA;4845450.336;2711222.957
355;2024;3N5E;AGPE SUB LIBERTADOR;0.02;0.00;SI;ND;RAD SOLAR;17/7/2024;AIR-E S.A.S. E.S.P.;OPERACIÓN;SOLAR;AUTOG PEQ. ESCALA;12/2/2026;SANTA MARTA;47001;MAGDALENA;4903368.673;2787159.703
356;2018;TRN1;TERMONORTE;88.00;9.11;NO;DC;GAS;30/11/2018;TERMONORTE S.A.S. E.S.P.;OPERACIÓN;TERMICA;NORMAL;12/2/2026;SANTA MARTA;47001;MAGDALENA;4903368.673;2787159.703
357;2023;3J4D;CAIMAN CIENAGUERO;9.00;0.00;SI;ND;RAD SOLAR;14/12/2023;GREENYELLOW COMERCIALIZADORA S.A.S. E.S.P.;PRUEBAS;SOLAR;NORMAL;12/2/2026;CIÉNAGA;47189;MAGDALENA;4888015.739;2757961.619
358;2026;5F6Z;GD LAS MERCEDES II;0.99;0.00;SI;ND;RAD SOLAR;1/1/2026;FUENTES DE ENERGIAS RENOVABLES S.A.S. E.S.P.;OPERACIÓN;SOLAR;GEN. DISTRIBUIDA;12/2/2026;ALGARROBO;47030;MAGDALENA;4879227.135;2691249.575
359;2026;5F42;GD LAS MERCEDES I;0.99;0.00;SI;ND;RAD SOLAR;1/1/2026;FUENTES DE ENERGIAS RENOVABLES S.A.S. E.S.P.;OPERACIÓN;SOLAR;GEN. DISTRIBUIDA;12/2/2026;ALGARROBO;47030;MAGDALENA;4879227.135;2691249.575
360;2016;2S9Q;TEQUENDAMA BIOGAS 1;2.25;0.00;SI;ND;BIOGAS;24/6/2016;VOLTAJE EMPRESARIAL S.A.S. E.S.P.;OPERACIÓN;TERMICA;NORMAL;12/2/2026;FUNDACIÓN;47288;MAGDALENA;4903276.757;2713929.239
361;2025;5AXI;GD PARQUE SOLAR GRANADA I;0.99;0.00;SI;ND;RAD SOLAR;13/9/2025;ELECTRIFICADORA DEL META S.A. E.S.P.;OPERACIÓN;SOLAR;GEN. DISTRIBUIDA;12/2/2026;GRANADA;50313;META;4915492.64;1938269.799
362;2026;5ISS;GD PARQUE SOLAR GRANADA II;0.99;0.00;SI;ND;RAD SOLAR;4/1/2026;ELECTRIFICADORA DEL META S.A. E.S.P.;OPERACIÓN;SOLAR;GEN. DISTRIBUIDA;12/2/2026;GRANADA;50313;META;4915492.64;1938269.799
363;2025;5H1O;GD YUAN SOLAR;0.99;0.00;SI;ND;RAD SOLAR;15/12/2025;UNERGY ENERGY DIGITAL S.A.S E.S.P;OPERACIÓN;SOLAR;GEN. DISTRIBUIDA;12/2/2026;BARRANCA DE UPÍA;50110;META;5000500.792;2057353.29
364;2025;4WWY;GD SAN MARTIN;0.99;0.00;SI;ND;RAD SOLAR;10/5/2025;ELECTRIFICADORA DEL META S.A. E.S.P.;OPERACIÓN;SOLAR;GEN. DISTRIBUIDA;12/2/2026;SAN MARTÍN;50689;META;5038104.456;1946516.493
365;2025;4Y5T;GD SAN MARTIN III;0.99;0.00;SI;ND;RAD SOLAR;14/6/2025;ELECTRIFICADORA DEL META S.A. E.S.P.;OPERACIÓN;SOLAR;GEN. DISTRIBUIDA;12/2/2026;SAN MARTÍN;50689;META;5038104.456;1946516.493
366;2025;4XQA;GD SAN MARTIN II;0.99;0.00;SI;ND;RAD SOLAR;24/5/2025;ELECTRIFICADORA DEL META S.A. E.S.P.;OPERACIÓN;SOLAR;GEN. DISTRIBUIDA;12/2/2026;SAN MARTÍN;50689;META;5038104.456;1946516.493
367;2020;3AL6;AGPE ENTREPALMAS;0.50;0.00;NO;ND;BIOGAS;30/12/2020;CELSIA COLOMBIA S.A. E.S.P.;INACTIVO;TERMICA;AUTOG PEQ. ESCALA;12/2/2026;SAN MARTÍN;50689;META;5038104.456;1946516.493
368;2024;3J4T;PARQUE SOLAR VERSALLES;9.00;0.00;SI;ND;RAD SOLAR;10/3/2024;GREENYELLOW COMERCIALIZADORA S.A.S. E.S.P.;PRUEBAS;SOLAR;NORMAL;12/2/2026;SAN JUAN DE ARAMA;50683;META;4915720.178;1920932.65
369;2024;3J4R;PARQUE SOLAR DINAMARCA;9.00;0.00;SI;ND;RAD SOLAR;10/3/2024;GREENYELLOW COMERCIALIZADORA S.A.S. E.S.P.;PRUEBAS;SOLAR;NORMAL;12/2/2026;SAN JUAN DE ARAMA;50683;META;4915720.178;1920932.65
370;2020;TR3G;TRINA-VATIA BSLIII;19.90;0.00;SI;ND;RAD SOLAR;29/11/2020;ISAGEN S.A. E.S.P.;PRUEBAS;SOLAR;NORMAL;12/2/2026;PUERTO GAITÁN;50568;META;5151853.288;2000678.987
371;2020;2ZP9;TRINA-VATIA BSLI;19.90;0.00;SI;ND;RAD SOLAR;9/9/2020;ISAGEN S.A. E.S.P.;PRUEBAS;SOLAR;NORMAL;12/2/2026;PUERTO GAITÁN;50568;META;5151853.288;2000678.987
372;2022;3EDL;BOSQUES SOLARES DE LOS LLANOS 5;17.90;0.00;SI;ND;RAD SOLAR;11/9/2022;ISAGEN S.A. E.S.P.;OPERACIÓN;SOLAR;NORMAL;12/2/2026;PUERTO GAITÁN;50568;META;5151853.288;2000678.987
373;2022;3EFY;BOSQUES SOLARES DE LOS LLANOS 4;19.90;0.00;SI;ND;RAD SOLAR;11/9/2022;ISAGEN S.A. E.S.P.;OPERACIÓN;SOLAR;NORMAL;12/2/2026;PUERTO GAITÁN;50568;META;5151853.288;2000678.987
374;2021;TR2G;TRINA-VATIA BSLII;19.90;0.00;SI;ND;RAD SOLAR;21/1/2021;ISAGEN S.A. E.S.P.;PRUEBAS;SOLAR;NORMAL;12/2/2026;PUERTO GAITÁN;50568;META;5151853.288;2000678.987
375;2022;RUB1;TERMOEBR;19.00;8.49;NO;DC;CRUDO;24/12/2022;PROELECTRICA S.A.S E.S.P.;INACTIVO;TERMICA;NORMAL;12/2/2026;PUERTO GAITÁN;50568;META;5151853.288;2000678.987
376;2017;2SXQ;BIOENERGY;19.90;0.00;NO;ND;BAGAZO;21/4/2017;AES COLOMBIA & CIA. S.C.A. E.S.P.;OPERACIÓN;COGENERADOR;COGENERADOR;12/2/2026;PUERTO LÓPEZ;50573;META;5039309.795;2001590.294
377;2024;3J4V;PARQUE SOLAR LA MENA;9.00;0.00;SI;ND;RAD SOLAR;15/2/2024;GREENYELLOW COMERCIALIZADORA S.A.S. E.S.P.;PRUEBAS;SOLAR;NORMAL;12/2/2026;SAN CARLOS DE GUAROA;50680;META;4969387.497;1983167.8
378;2016;2S6Q;AUTOG YAGUARITO;1.60;0.00;NO;ND;BIOGAS;21/3/2016;ELECTRIFICADORA DEL META S.A. E.S.P.;OPERACIÓN;TERMICA;AUTOGENERADOR;12/2/2026;SAN CARLOS DE GUAROA;50680;META;4969387.497;1983167.8
379;2019;2Y2T;AUTOG CDS TM2500;19.90;0.00;NO;ND;GAS;30/10/2019;ELECTRIFICADORA DEL META S.A. E.S.P.;INACTIVO;TERMICA;AUTOGENERADOR;12/2/2026;VILLAVICENCIO;50001;META;4945311.901;2010146.945
380;2019;2XXX;AUTOG TERMOSURIA;19.90;0.00;NO;ND;GAS;30/10/2019;ELECTRIFICADORA DEL META S.A. E.S.P.;INACTIVO;TERMICA;AUTOGENERADOR;12/2/2026;VILLAVICENCIO;50001;META;4945311.901;2010146.945
381;2022;3DSO;HELIOS I;16.00;0.00;SI;ND;RAD SOLAR;2/3/2022;EMPRESA DE ENERGIA DE BOYACA S.A. E.S.P.;PRUEBAS;SOLAR;NORMAL;12/2/2026;VILLAVICENCIO;50001;META;4945311.901;2010146.945
382;1954;SPY1;RIO SAPUYES;1.65;0.00;SI;ND;AGUA;31/12/1953;CENTRALES ELECTRICAS DE NARIÑO S.A. E.S.P.;OPERACIÓN;HIDRAULICA;NORMAL;12/2/2026;TÚQUERRES;52838;NARIÑO;4484457.318;1683806.727
383;1995;RMYO;RIO MAYO;19.80;1.70;SI;ND;AGUA;19/7/1995;CENTRALES ELECTRICAS DE NARIÑO S.A. E.S.P.;OPERACIÓN;HIDRAULICA;NORMAL;12/2/2026;SAN PABLO;52693;NARIÑO;4557659.705;1744291.364
384;1958;RIN1;RIO INGENIO;0.18;0.00;SI;ND;AGUA;31/12/1957;CENTRALES ELECTRICAS DE NARIÑO S.A. E.S.P.;INACTIVO;HIDRAULICA;NORMAL;12/2/2026;SANDONÁ;52683;NARIÑO;4503899.998;1700801.831
385;2025;5BPT;GD DELTA II;0.99;0.00;SI;ND;RAD SOLAR;20/9/2025;BIA ENERGY S.A.S. E.S.P;OPERACIÓN;SOLAR;GEN. DISTRIBUIDA;12/2/2026;TAMINANGO;52786;NARIÑO;4518626.534;1734411.267
386;2025;4YLK;DELTA I;0.99;0.00;SI;ND;RAD SOLAR;12/7/2025;UNERGY ENERGY DIGITAL S.A.S E.S.P;OPERACIÓN;SOLAR;GEN. DISTRIBUIDA;12/2/2026;TAMINANGO;52786;NARIÑO;4518626.534;1734411.267
387;2025;4WP2;GD NAOS III;0.96;0.00;SI;ND;RAD SOLAR;1/5/2025;UNERGY ENERGY DIGITAL S.A.S E.S.P;OPERACIÓN;SOLAR;GEN. DISTRIBUIDA;12/2/2026;TAMINANGO;52786;NARIÑO;4518626.534;1734411.267
388;2025;4T9M;GD NAOS II;0.96;0.00;SI;ND;RAD SOLAR;1/3/2025;UNERGY ENERGY DIGITAL S.A.S E.S.P;OPERACIÓN;SOLAR;GEN. DISTRIBUIDA;12/2/2026;TAMINANGO;52786;NARIÑO;4518626.534;1734411.267
389;2024;3NLE;GD NAOS I;0.96;0.00;SI;ND;RAD SOLAR;26/8/2024;UNERGY ENERGY DIGITAL S.A.S E.S.P;OPERACIÓN;SOLAR;GEN. DISTRIBUIDA;12/2/2026;TAMINANGO;52786;NARIÑO;4518626.534;1734411.267
390;2025;4SNT;PCH JULIO BRAVO;2.08;1.31;SI;ND;AGUA;31/1/2025;CENTRALES ELECTRICAS DE NARIÑO S.A. E.S.P.;INACTIVO;HIDRAULICA;NORMAL;12/2/2026;PASTO;52001;NARIÑO;4531813.113;1678099.559
391;1942;JBV1;JULIO BRAVO;1.50;0.00;SI;ND;AGUA;31/12/1941;CENTRALES ELECTRICAS DE NARIÑO S.A. E.S.P.;INACTIVO;HIDRAULICA;NORMAL;12/2/2026;PASTO;52001;NARIÑO;4531813.113;1678099.559
392;2024;3IQA;SUNNORTE;35.00;0.00;NO;DC;RAD SOLAR;25/11/2024;GENERSOL S.A.S. E.S.P.;OPERACIÓN;SOLAR;NORMAL;12/2/2026;OCAÑA;54498;NORTE DE SANTANDER;4962824.08;2464845.133
393;2025;4YL8;PETALO DEL NORTE DE SANTANDER I;19.90;0.00;SI;ND;RAD SOLAR;30/3/2025;ERCO GENERACION S.A.S. ESP;PRUEBAS;SOLAR;NORMAL;12/2/2026;LA ESPERANZA;54385;NORTE DE SANTANDER;4960159.119;2408331.587
394;2025;5FPM;GD ASTROLUMEN LA GARITA;0.99;0.00;SI;ND;RAD SOLAR;29/9/2025;UNERGY ENERGY DIGITAL S.A.S E.S.P;PRUEBAS;SOLAR;GEN. DISTRIBUIDA;12/2/2026;LOS PATIOS;54405;NORTE DE SANTANDER;5051372.896;2408831.959
395;2023;3HLD;LOS GIRASOLES;9.50;0.00;SI;ND;RAD SOLAR;4/8/2023;PARQUE SOLAR LOS GIRASOLES S.A.S ESP;PRUEBAS;SOLAR;NORMAL;12/2/2026;ÁBREGO;54003;NORTE DE SANTANDER;4982538.658;2444185.451
396;1965;TBU3;TIBU 3;5.00;0.00;NO;DC;DIESEL MAR;31/12/1964;CENTRALES ELECTRICAS DEL NORTE DE SANTANDER S.A. E.S.P.;INACTIVO;TERMICA;NORMAL;12/2/2026;TIBÚ;54810;NORTE DE SANTANDER;5022081.272;2520836.961
397;1965;TBU2;TIBU 2;5.00;0.00;NO;DC;DIESEL MAR;31/12/1964;CENTRALES ELECTRICAS DEL NORTE DE SANTANDER S.A. E.S.P.;INACTIVO;TERMICA;NORMAL;12/2/2026;TIBÚ;54810;NORTE DE SANTANDER;5022081.272;2520836.961
398;1965;TBU1;TIBU 1;5.00;0.00;NO;DC;DIESEL MAR;31/12/1964;CENTRALES ELECTRICAS DEL NORTE DE SANTANDER S.A. E.S.P.;INACTIVO;TERMICA;NORMAL;12/2/2026;TIBÚ;54810;NORTE DE SANTANDER;5022081.272;2520836.961
399;2026;5BPX;GD AGUSTIN I;0.99;0.00;SI;ND;RAD SOLAR;23/1/2026;UNERGY ENERGY DIGITAL S.A.S E.S.P;OPERACIÓN;SOLAR;GEN. DISTRIBUIDA;12/2/2026;SAN JOSÉ DE CÚCUTA;54001;NORTE DE SANTANDER;5056312.818;2454396.009
400;2015;TSJ2;TASAJERO 2;170.00;10.15;NO;DC;CARBON;29/11/2015;TERMOTASAJERO DOS S.A. E.S.P. ;OPERACIÓN;TERMICA;NORMAL;12/2/2026;SAN CAYETANO;54673;NORTE DE SANTANDER;5042993.317;2425193.291
401;2025;5FPK;GD BIOSOLAR;0.50;0.00;SI;ND;RAD SOLAR;29/9/2025;UNERGY ENERGY DIGITAL S.A.S E.S.P;PRUEBAS;SOLAR;GEN. DISTRIBUIDA;12/2/2026;SAN CAYETANO;54673;NORTE DE SANTANDER;5042993.317;2425193.291
402;2025;5FPL;GD SIRIUS;0.99;0.00;SI;ND;RAD SOLAR;30/10/2025;UNERGY ENERGY DIGITAL S.A.S E.S.P;PRUEBAS;SOLAR;GEN. DISTRIBUIDA;12/2/2026;SAN CAYETANO;54673;NORTE DE SANTANDER;5042993.317;2425193.291
403;2022;3GJQ;TERMOTASAJERO DOS SOLAR;4.00;0.00;SI;ND;RAD SOLAR;25/12/2022;TERMOTASAJERO DOS S.A. E.S.P. ;PRUEBAS;SOLAR;NORMAL;12/2/2026;SAN CAYETANO;54673;NORTE DE SANTANDER;5042993.317;2425193.291
404;1985;TSJ1;TASAJERO 1;165.00;9.24;NO;DC;CARBON;19/2/1985;TERMOTASAJERO S.A. E.S.P.;OPERACIÓN;TERMICA;NORMAL;12/2/2026;SAN CAYETANO;54673;NORTE DE SANTANDER;5042993.317;2425193.291
405;2012;SFC1;SAN FRANCISCO (PUTUMAYO);0.47;0.00;SI;ND;AGUA;14/12/2012;SIGMA2 COMERCIALIZADORA  DE ENERGIA ELECTRICA SAS ESP;OPERACIÓN;HIDRAULICA;NORMAL;12/2/2026;SAN FRANCISCO;86755;PUTUMAYO;4571825.88;1683854.768
406;2019;2XXR;AGPE - ECOPETROL LA HORMIGA;1.00;1.00;NO;ND;GAS;15/9/2019;GENERADORA Y COMERCIALIZADORA DE ENERGIA DEL CARIBE S.A. E.S.P.;OPERACIÓN;TERMICA;AUTOG PEQ. ESCALA;12/2/2026;VALLE DEL GUAMUEZ;86865;PUTUMAYO;4580286.616;1604571.765
407;2023;3IJF;AUTOG COSTAYACO;2.00;0.09;NO;ND;GAS;3/9/2023;DEPI ENERGY S.A.S. E.S.P.;INACTIVO;TERMICA;AUTOGENERADOR;12/2/2026;VILLAGARZÓN;86885;PUTUMAYO;4583194.523;1658936.188
408;2019;2YB9;AUTOG ECOPETROL ORITO;4.00;0.00;NO;ND;GAS;6/11/2019;GENERADORA Y COMERCIALIZADORA DE ENERGIA DEL CARIBE S.A. E.S.P.;PRUEBAS;TERMICA;AUTOGENERADOR;12/2/2026;ORITO;86320;PUTUMAYO;4561078.775;1632668.72
409;2026;5JRP;GD EDEQ SOLAR MONTENEGRO;0.11;0.00;SI;ND;RAD SOLAR;9/2/2026;EMPRESA DE ENERGIA DEL QUINDIO S.A. E.S.P.;OPERACIÓN;SOLAR;GEN. DISTRIBUIDA;12/2/2026;MONTENEGRO;63470;QUINDIO;4687387.452;2058270.693
410;2026;5JRO;GD EDEQ SOLAR LA TEBAIDA;0.12;0.00;SI;ND;RAD SOLAR;9/2/2026;EMPRESA DE ENERGIA DEL QUINDIO S.A. E.S.P.;OPERACIÓN;SOLAR;GEN. DISTRIBUIDA;12/2/2026;LA TEBAIDA;63401;QUINDIO;4687226.739;2047761.746
411;2026;5ISR;GD LA MACANA;0.99;0.00;SI;ND;RAD SOLAR;15/1/2026;SUNO S.A.S. ESP;OPERACIÓN;SOLAR;GEN. DISTRIBUIDA;12/2/2026;ARMENIA;63001;QUINDIO;4697723.595;2055756.443
412;1935;BSQ1;EL BOSQUE;2.28;0.00;SI;ND;AGUA;31/12/1934;ENERGIA RENOVABLE DE COLOMBIA S.A.S E.S.P.;OPERACIÓN;HIDRAULICA;NORMAL;12/2/2026;ARMENIA;63001;QUINDIO;4697723.595;2055756.443
413;1935;UNN1;UNION;0.70;0.00;SI;ND;AGUA;31/12/1934;EMPRESAS PUBLICAS DE CALARCA ESP;OPERACIÓN;HIDRAULICA;GEN. DISTRIBUIDA;12/2/2026;CALARCÁ;63130;QUINDIO;4705274.936;2052229.174
414;1956;CPT1;CAMPESTRE (CALARCA);0.70;0.00;SI;ND;AGUA;31/12/1955;EMPRESAS PUBLICAS DE CALARCA ESP;OPERACIÓN;HIDRAULICA;GEN. DISTRIBUIDA;12/2/2026;CALARCÁ;63130;QUINDIO;4705274.936;2052229.174
415;1943;BYN1;BAYONA;0.60;0.00;SI;ND;AGUA;31/12/1942;EMPRESAS PUBLICAS DE CALARCA ESP;OPERACIÓN;HIDRAULICA;GEN. DISTRIBUIDA;12/2/2026;CALARCÁ;63130;QUINDIO;4705274.936;2052229.174
416;2016;2SI1;MORRO AZUL;19.90;1.13;SI;ND;AGUA;9/9/2016;RISARALDA ENERGIA S.A.S. E.S.P.;OPERACIÓN;HIDRAULICA;NORMAL;12/2/2026;BELÉN DE UMBRÍA;66088;RISARALDA;4682170.651;2133356.926
417;2003;IRG1;INGENIO RISARALDA 1;19.90;0.00;NO;ND;BAGAZO;14/8/2003;ERCO GENERACION S.A.S. ESP;OPERACIÓN;COGENERADOR;COGENERADOR;12/2/2026;BALBOA;66075;RISARALDA;4673730.99;2102189.544
418;1994;LBR1;NUEVO LIBARE;5.10;0.00;SI;ND;AGUA;31/12/1993;EMPRESA DE ENERGIA DE PEREIRA S.A. E.S.P.;OPERACIÓN;HIDRAULICA;NORMAL;12/2/2026;DOSQUEBRADAS;66170;RISARALDA;4703968.191;2093619.493
419;2021;3B4L;GRANJA SOLAR BELMONTE;4.99;0.00;SI;ND;RAD SOLAR;29/4/2021;EMPRESA DE ENERGIA DE PEREIRA S.A. E.S.P.;PRUEBAS;SOLAR;NORMAL;12/2/2026;PEREIRA;66001;RISARALDA;4689984.259;2089424.468
420;2009;PPN1;PAPELES NACIONALES;0.00;0.00;NO;ND;GAS;4/2/2009;ENERCO S.A. E.S.P.;OPERACIÓN;COGENERADOR;COGENERADOR;12/2/2026;PEREIRA;66001;RISARALDA;4689984.259;2089424.468
421;1939;BLM1;BELMONTE;3.40;0.00;SI;ND;AGUA;31/12/1938;EMPRESA DE ENERGIA DE PEREIRA S.A. E.S.P.;OPERACIÓN;HIDRAULICA;NORMAL;12/2/2026;PEREIRA;66001;RISARALDA;4689984.259;2089424.468
422;2025;5B15;GD MGS 0013 LA MESA;0.99;0.00;SI;ND;RAD SOLAR;30/8/2025;UNERGY ENERGY DIGITAL S.A.S E.S.P;PRUEBAS;SOLAR;GEN. DISTRIBUIDA;12/2/2026;LOS SANTOS;68418;SANTANDER;4988087.673;2310733.473
423;2025;4ULS;MINIGRANJA EL OLIMPO;0.99;0.00;SI;ND;RAD SOLAR;27/2/2025;UNERGY ENERGY DIGITAL S.A.S E.S.P;PRUEBAS;SOLAR;GEN. DISTRIBUIDA;12/2/2026;LOS SANTOS;68418;SANTANDER;4988087.673;2310733.473
424;2023;3HDE;SAN BARTOLOME;19.90;1.55;SI;ND;AGUA;13/5/2023;PCH SAN BARTOLOME S.A.S. E.S.P. ;OPERACIÓN;HIDRAULICA;NORMAL;12/2/2026;GUAPOTÁ;68322;SANTANDER;4963422.626;2256773.134
425;2023;3HDG;OIBITA;19.90;1.62;SI;ND;AGUA;13/5/2023;PCH SAN BARTOLOME S.A.S. E.S.P. ;OPERACIÓN;HIDRAULICA;NORMAL;12/2/2026;GUAPOTÁ;68322;SANTANDER;4963422.626;2256773.134
426;2014;SOGP;SOGAMOSO_P;546.00;1.30;NO;DC;AGUA;30/12/2014;ISAGEN S.A. E.S.P.;INACTIVO;HIDRAULICA;NORMAL;12/2/2026;GIRÓN;68307;SANTANDER;4977341.308;2328914.516
427;2014;SOG1;SOGAMOSO;819.00;1.36;NO;DC;AGUA;19/12/2014;ISAGEN S.A. E.S.P.;OPERACIÓN;HIDRAULICA;NORMAL;12/2/2026;GIRÓN;68307;SANTANDER;4977341.308;2328914.516
428;1995;PLQ4;PALENQUE 4;14.00;0.00;NO;DC;GAS;19/7/1995;ELECTRIFICADORA DE SANTANDER S.A. E.S.P.;INACTIVO;TERMICA;NORMAL;12/2/2026;GIRÓN;68307;SANTANDER;4977341.308;2328914.516
429;1972;PLQ3;PALENQUE 3;13.00;14.32;NO;DC;GAS;31/12/1971;ELECTRIFICADORA DE SANTANDER S.A. E.S.P.;INACTIVO;TERMICA;NORMAL;12/2/2026;GIRÓN;68307;SANTANDER;4977341.308;2328914.516
430;2022;3GFQ;AGPE FERCH2;0.01;0.00;SI;ND;RAD SOLAR;16/11/2022;RUITOQUE S.A. E.S.P.;OPERACIÓN;SOLAR;AUTOG PEQ. ESCALA;12/2/2026;FLORIDABLANCA;68276;SANTANDER;4992497.162;2340303.928
431;2000;TRM1;TERMOCENTRO CC;272.00;7.37;NO;DC;GAS;29/11/2000;GENERADORA TERMOCENTRO S.A.S. E.S.P.;OPERACIÓN;TERMICA;CICLO COMBINADO;12/2/2026;CIMITARRA;68190;SANTANDER;4870622.474;2266408.447
432;2025;5AUE;GD PXV I;0.99;0.00;SI;ND;RAD SOLAR;9/10/2025;ES INVEST COLOMBIA S.A.S. ESP;OPERACIÓN;SOLAR;GEN. DISTRIBUIDA;12/2/2026;BARRANCABERMEJA;68081;SANTANDER;4913653.331;2337534.747
433;2025;5AUG;GD PXV IV;0.99;0.00;SI;ND;RAD SOLAR;9/10/2025;ES INVEST COLOMBIA S.A.S. ESP;OPERACIÓN;SOLAR;GEN. DISTRIBUIDA;12/2/2026;BARRANCABERMEJA;68081;SANTANDER;4913653.331;2337534.747
434;2020;2YQO;AUTOG FERTICOL;17.00;1.00;NO;ND;GAS;27/2/2020;CEMEX ENERGY S.A.S E.S.P.;INACTIVO;TERMICA;AUTOGENERADOR;12/2/2026;BARRANCABERMEJA;68081;SANTANDER;4913653.331;2337534.747
435;2016;BRN3;BARRANCA 3;24.00;0.00;NO;DC;ACPM;19/3/2016;EMPRESAS PUBLICAS DE MEDELLIN E.S.P.;INACTIVO;TERMICA;NORMAL;12/2/2026;BARRANCABERMEJA;68081;SANTANDER;4913653.331;2337534.747
436;2016;BRN2;BARRANCA 2;12.00;0.00;SI;DC;GAS;31/1/2016;EMPRESAS PUBLICAS DE MEDELLIN E.S.P.;INACTIVO;TERMICA;NORMAL;12/2/2026;BARRANCABERMEJA;68081;SANTANDER;4913653.331;2337534.747
437;1998;MRL1;MERILECTRICA 1;164.00;9.00;NO;DC;GAS;4/2/1998;CELSIA COLOMBIA S.A. E.S.P.;OPERACIÓN;TERMICA;NORMAL;12/2/2026;BARRANCABERMEJA;68081;SANTANDER;4913653.331;2337534.747
438;2016;BRN1;BARRANCA 1;12.00;13.26;SI;DC;ACPM;19/3/2016;EMPRESAS PUBLICAS DE MEDELLIN E.S.P.;INACTIVO;TERMICA;NORMAL;12/2/2026;BARRANCABERMEJA;68081;SANTANDER;4913653.331;2337534.747
439;1932;ZRG1;ZARAGOZA;1.30;0.00;SI;ND;AGUA;31/12/1931;ELECTRIFICADORA DE SANTANDER S.A. E.S.P.;INACTIVO;HIDRAULICA;NORMAL;12/2/2026;BUCARAMANGA;68001;SANTANDER;4987662.057;2348660.939
440;1954;CSC1;CASCADA;3.00;0.00;SI;ND;AGUA;31/12/1953;EMPRESAS PUBLICAS DE MEDELLIN E.S.P.;OPERACIÓN;HIDRAULICA;NORMAL;12/2/2026;BUCARAMANGA;68001;SANTANDER;4987662.057;2348660.939
441;1954;PLM1;PALMAS SAN GIL;15.00;0.00;SI;ND;AGUA;31/12/1953;EMPRESAS PUBLICAS DE MEDELLIN E.S.P.;OPERACIÓN;HIDRAULICA;NORMAL;12/2/2026;SAN GIL;68679;SANTANDER;4986862.872;2281850.541
442;2001;PTG1;PUENTE GUILLERMO;4.20;0.00;SI;ND;AGUA;31/8/2001;ENERCO S.A. E.S.P.;OPERACIÓN;HIDRAULICA;NORMAL;12/2/2026;PUENTE NACIONAL;68572;SANTANDER;4924925.346;2202373.823
443;2025;4YLC;GD ALEJANDRIA III;0.99;0.00;SI;ND;RAD SOLAR;23/10/2025;PROELECTRICA S.A.S E.S.P.;OPERACIÓN;SOLAR;GEN. DISTRIBUIDA;12/2/2026;SABANA DE TORRES;68655;SANTANDER;4936951.944;2376065.399
444;2025;4YLE;GD ALEJANDRIA II;0.99;0.00;SI;ND;RAD SOLAR;23/10/2025;PROELECTRICA S.A.S E.S.P.;OPERACIÓN;SOLAR;GEN. DISTRIBUIDA;12/2/2026;SABANA DE TORRES;68655;SANTANDER;4936951.944;2376065.399
445;2025;4YLA;GD ALEJANDRIA I;0.99;0.00;SI;ND;RAD SOLAR;21/8/2025;PROELECTRICA S.A.S E.S.P.;OPERACIÓN;SOLAR;GEN. DISTRIBUIDA;12/2/2026;SABANA DE TORRES;68655;SANTANDER;4936951.944;2376065.399
446;2025;4ULO;MINIGRANJA LA RESERVA;0.99;0.00;SI;ND;RAD SOLAR;3/7/2025;UNERGY ENERGY DIGITAL S.A.S E.S.P;OPERACIÓN;SOLAR;GEN. DISTRIBUIDA;12/2/2026;SABANA DE TORRES;68655;SANTANDER;4936951.944;2376065.399
447;2023;3HBP;LA TOLUA;19.90;0.00;SI;ND;RAD SOLAR;3/4/2023;ATLÁNTICA COLOMBIA S.A.S. E.S.P.;PRUEBAS;SOLAR;NORMAL;12/2/2026;SAMPUÉS;70670;SUCRE;4740725.718;2571609.516
448;2026;5JGE;GD ERCO LAS PIEDRAS II;0.99;0.00;SI;ND;RAD SOLAR;30/1/2026;ERCO GENERACION S.A.S. ESP;OPERACIÓN;SOLAR;GEN. DISTRIBUIDA;12/2/2026;SAMPUÉS;70670;SUCRE;4740725.718;2571609.516
449;2025;5JJC;GD ERCO LAS PIEDRAS I;0.99;0.00;SI;ND;RAD SOLAR;30/12/2025;ERCO GENERACION S.A.S. ESP;PRUEBAS;SOLAR;GEN. DISTRIBUIDA;12/2/2026;SAMPUÉS;70670;SUCRE;4740725.718;2571609.516
450;2025;4YLO;SAN ONOFRE;0.90;0.00;SI;ND;RAD SOLAR;12/7/2025;UNERGY ENERGY DIGITAL S.A.S E.S.P;OPERACIÓN;SOLAR;GEN. DISTRIBUIDA;12/2/2026;SAN ONOFRE;70713;SUCRE;4725310.972;2643550.844
451;2024;3JPK;MINIGRANJA SAN PEDRO;1.00;0.00;SI;ND;RAD SOLAR;26/2/2024;NITRO ENERGY COLOMBIA S.A.S. E.S.P.;OPERACIÓN;SOLAR;GEN. DISTRIBUIDA;12/2/2026;SAN PEDRO;70717;SUCRE;4776352.949;2597008.807
452;2022;3ENE;SINCE;18.50;0.00;SI;ND;RAD SOLAR;9/9/2022;CELSIA COLOMBIA S.A. E.S.P.;PRUEBAS;SOLAR;NORMAL;12/2/2026;SINCELEJO;70001;SUCRE;4732984.094;2588422.4
453;2024;3NLZ;SOLAR OLD T;9.90;0.00;SI;ND;RAD SOLAR;15/10/2024;VATIA S.A. E.S.P.;PRUEBAS;SOLAR;NORMAL;12/2/2026;SAN JOSÉ DE TOLUVIEJO;70823;SUCRE;4731715.132;2607631.347
454;2024;3R9G;GD EL ROBLE;1.00;0.00;SI;ND;RAD SOLAR;24/11/2024;PROELECTRICA S.A.S E.S.P.;OPERACIÓN;SOLAR;GEN. DISTRIBUIDA;12/2/2026;EL ROBLE;70233;SUCRE;4764261.098;2557196.96
455;2026;5J8I;GD GOLONDRINA;0.99;0.00;SI;ND;RAD SOLAR;17/1/2026;SUNCOLOMBIA GENERACIÓN S.A.S E.S.P;OPERACIÓN;SOLAR;GEN. DISTRIBUIDA;12/2/2026;COROZAL;70215;SUCRE;4754072.543;2571017.574
456;2026;5IVZ;GD CORALITO;0.99;0.00;SI;ND;RAD SOLAR;17/1/2026;SUNCOLOMBIA GENERACIÓN S.A.S E.S.P;OPERACIÓN;SOLAR;GEN. DISTRIBUIDA;12/2/2026;COROZAL;70215;SUCRE;4754072.543;2571017.574
457;2024;3JPM;BARAYA;1.00;0.00;SI;ND;RAD SOLAR;17/2/2024;UNERGY ENERGY DIGITAL S.A.S E.S.P;OPERACIÓN;SOLAR;GEN. DISTRIBUIDA;12/2/2026;GALERAS;70235;SUCRE;4782348.823;2568039.274
458;2021;3C3Z;LA SIERPE;19.90;0.00;SI;ND;RAD SOLAR;24/9/2021;ATLÁNTICA COLOMBIA S.A.S. E.S.P.;PRUEBAS;SOLAR;NORMAL;12/2/2026;MAJAGUAL;70429;SUCRE;4811823.408;2502760.843
459;2024;3J83;GUAMO;9.00;0.00;SI;ND;RAD SOLAR;19/9/2024;ERCO GENERACION S.A.S. ESP;PRUEBAS;SOLAR;NORMAL;12/2/2026;GUAMO;73319;TOLIMA;4780654.013;2008721.708
460;2024;3J85;NUMBANA;9.90;0.00;SI;ND;RAD SOLAR;19/9/2024;ERCO GENERACION S.A.S. ESP;PRUEBAS;SOLAR;NORMAL;12/2/2026;GUAMO;73319;TOLIMA;4780654.013;2008721.708
461;2025;4UM1;GD ERCO GUAMO IV;0.99;0.00;SI;ND;RAD SOLAR;29/3/2025;ERCO GENERACION S.A.S. ESP;OPERACIÓN;SOLAR;GEN. DISTRIBUIDA;12/2/2026;GUAMO;73319;TOLIMA;4780654.013;2008721.708
462;2025;4ULY;GD ERCO GUAMO III;0.99;0.00;SI;ND;RAD SOLAR;29/3/2025;ERCO GENERACION S.A.S. ESP;OPERACIÓN;SOLAR;GEN. DISTRIBUIDA;12/2/2026;GUAMO;73319;TOLIMA;4780654.013;2008721.708
463;2025;4UZU;GD ERCO GUAMO II;0.99;0.00;SI;ND;RAD SOLAR;29/3/2025;ERCO GENERACION S.A.S. ESP;OPERACIÓN;SOLAR;GEN. DISTRIBUIDA;12/2/2026;GUAMO;73319;TOLIMA;4780654.013;2008721.708
464;2025;4VYB;GD ERCO GUAMO I;0.99;0.00;SI;ND;RAD SOLAR;25/4/2025;ERCO GENERACION S.A.S. ESP;OPERACIÓN;SOLAR;GEN. DISTRIBUIDA;12/2/2026;GUAMO;73319;TOLIMA;4780654.013;2008721.708
465;2025;4YCF;SHANGRI LA;160.00;0.00;NO;DC;RAD SOLAR;22/10/2025;ISAGEN S.A. E.S.P.;OPERACIÓN;SOLAR;NORMAL;12/2/2026;IBAGUÉ;73001;TOLIMA;4750128.597;2050315.727
466;2004;PST1;PASTALES;0.70;0.00;SI;ND;AGUA;17/2/2004;HIDROTOLIMA S.A. E.S.P.;OPERACIÓN;HIDRAULICA;GEN. DISTRIBUIDA;12/2/2026;IBAGUÉ;73001;TOLIMA;4750128.597;2050315.727
467;2004;MIR1;MIROLINDO;3.75;0.00;SI;ND;AGUA;2/11/2004;HIDROTOLIMA S.A. E.S.P.;OPERACIÓN;HIDRAULICA;NORMAL;12/2/2026;IBAGUÉ;73001;TOLIMA;4750128.597;2050315.727
468;2025;5E3N;CELSIA SOLAR ESCOBAL V;19.90;0.00;SI;ND;RAD SOLAR;30/3/2025;CELSIA COLOMBIA S.A. E.S.P.;PRUEBAS;SOLAR;NORMAL;12/2/2026;IBAGUÉ;73001;TOLIMA;4750128.597;2050315.727
469;2025;5DWA;CELSIA SOLAR ESCOBAL IV;19.90;0.00;SI;ND;RAD SOLAR;30/3/2025;CELSIA COLOMBIA S.A. E.S.P.;PRUEBAS;SOLAR;NORMAL;12/2/2026;IBAGUÉ;73001;TOLIMA;4750128.597;2050315.727
470;2025;5EES;CELSIA SOLAR ESCOBAL II;19.90;0.00;SI;ND;RAD SOLAR;30/3/2025;CELSIA COLOMBIA S.A. E.S.P.;PRUEBAS;SOLAR;NORMAL;12/2/2026;IBAGUÉ;73001;TOLIMA;4750128.597;2050315.727
471;2025;5G3O;CELSIA SOLAR ESCOBAL I;19.90;0.00;SI;ND;RAD SOLAR;30/3/2025;CELSIA COLOMBIA S.A. E.S.P.;PRUEBAS;SOLAR;NORMAL;12/2/2026;IBAGUÉ;73001;TOLIMA;4750128.597;2050315.727
472;1999;TPD1;TERMOPIEDRAS 1;3.75;0.00;SI;ND;GAS;29/12/1999;TERMOPIEDRAS S.A. E.S.P.;OPERACIÓN;TERMICA;NORMAL;12/2/2026;PIEDRAS;73547;TOLIMA;4778293.602;2048215.096
473;1958;RCIO;RIO RECIO;0.98;0.00;SI;ND;AGUA;31/10/1958;HIDROTOLIMA S.A. E.S.P.;OPERACIÓN;HIDRAULICA;GEN. DISTRIBUIDA;12/2/2026;LÉRIDA;73408;TOLIMA;4786788.568;2095993.786
474;2024;3NDE;GD ERCO TOLDADO;0.99;0.00;SI;ND;RAD SOLAR;18/9/2024;ERCO GENERACION S.A.S. ESP;OPERACIÓN;SOLAR;GEN. DISTRIBUIDA;12/2/2026;ORTEGA;73504;TOLIMA;4747116.857;1993471.842
475;2022;3EXB;CERRITOS;9.90;0.00;SI;ND;RAD SOLAR;18/9/2022;CELSIA COLOMBIA S.A. E.S.P.;PRUEBAS;SOLAR;NORMAL;12/2/2026;SAN SEBASTIÁN DE MARIQUITA;73443;TOLIMA;4788758.98;2136815.333
476;2022;3EV3;LA MEDINA;9.90;0.00;SI;ND;RAD SOLAR;14/9/2022;CELSIA COLOMBIA S.A. E.S.P.;PRUEBAS;SOLAR;NORMAL;12/2/2026;SAN SEBASTIÁN DE MARIQUITA;73443;TOLIMA;4788758.98;2136815.333
477;2020;2YWY;AUTOG TURGAS;3.50;1.00;NO;ND;GAS;7/2/2020;TERMOPIEDRAS S.A. E.S.P.;OPERACIÓN;TERMICA;AUTOGENERADOR;12/2/2026;SAN SEBASTIÁN DE MARIQUITA;73443;TOLIMA;4788758.98;2136815.333
478;2023;3FCF;GRANJA SOLAR LANCEROS;9.10;0.00;SI;ND;RAD SOLAR;29/1/2023;CELSIA COLOMBIA S.A. E.S.P.;PRUEBAS;SOLAR;NORMAL;12/2/2026;MELGAR;73449;TOLIMA;4821919.972;2021535.134
479;2013;MOY1;AMOYA LA ESPERANZA;80.00;4.85;NO;DC;AGUA;23/5/2013;ISAGEN S.A. E.S.P.;OPERACIÓN;HIDRAULICA;FILO DE AGUA;12/2/2026;CHAPARRAL;73168;TOLIMA;4712438.678;1972106.741
480;2020;2ZHY;AUTOG CELSIA SOLAR ESPINAL;9.90;0.00;NO;ND;RAD SOLAR;30/5/2020;CELSIA COLOMBIA S.A. E.S.P.;PRUEBAS;SOLAR;AUTOGENERADOR;12/2/2026;ESPINAL;73268;TOLIMA;4789896.642;2018646.713
481;1957;VNTB;VENTANA B;2.50;0.00;SI;ND;AGUA;31/10/1957;HIDROTOLIMA S.A. E.S.P.;OPERACIÓN;HIDRAULICA;NORMAL;12/2/2026;ESPINAL;73268;TOLIMA;4789896.642;2018646.713
482;1957;VNTA;VENTANA A;2.50;0.00;SI;ND;AGUA;31/10/1957;HIDROTOLIMA S.A. E.S.P.;OPERACIÓN;HIDRAULICA;NORMAL;12/2/2026;ESPINAL;73268;TOLIMA;4789896.642;2018646.713
483;2024;3KOL;GD PALERMO;0.98;0.00;SI;ND;RAD SOLAR;2/12/2024;CELSIA COLOMBIA S.A. E.S.P.;OPERACIÓN;SOLAR;GEN. DISTRIBUIDA;12/2/2026;FLANDES;73275;TOLIMA;4796181.441;2027070.595
484;2024;3JPC;GD CHICORAL;0.98;0.00;SI;ND;RAD SOLAR;18/5/2024;CELSIA COLOMBIA S.A. E.S.P.;OPERACIÓN;SOLAR;GEN. DISTRIBUIDA;12/2/2026;FLANDES;73275;TOLIMA;4796181.441;2027070.595
485;2024;3JPE;GD LOS CHORROS;0.60;0.00;SI;ND;RAD SOLAR;15/2/2024;CELSIA COLOMBIA S.A. E.S.P.;OPERACIÓN;SOLAR;GEN. DISTRIBUIDA;12/2/2026;FLANDES;73275;TOLIMA;4796181.441;2027070.595
486;2023;3GVM;CELSIA SOLAR YUMA;9.10;0.00;SI;ND;RAD SOLAR;26/3/2023;CELSIA COLOMBIA S.A. E.S.P.;PRUEBAS;SOLAR;NORMAL;12/2/2026;FLANDES;73275;TOLIMA;4796181.441;2027070.595
487;2023;3GVK;CELSIA SOLAR DULIMA;19.90;0.00;SI;ND;RAD SOLAR;26/3/2023;CELSIA COLOMBIA S.A. E.S.P.;PRUEBAS;SOLAR;NORMAL;12/2/2026;FLANDES;73275;TOLIMA;4796181.441;2027070.595
488;2023;3GVI;GRANJA SOLAR FLANDES;19.90;0.00;SI;ND;RAD SOLAR;26/3/2023;CELSIA COLOMBIA S.A. E.S.P.;PRUEBAS;SOLAR;NORMAL;12/2/2026;FLANDES;73275;TOLIMA;4796181.441;2027070.595
489;2016;COE1;COELLO;1.20;0.00;SI;ND;AGUA;9/12/2016;ENERGETICA S.A. E.S.P.;OPERACIÓN;HIDRAULICA;NORMAL;12/2/2026;COELLO;73200;TOLIMA;4780929.154;2031017.506
490;2024;3NGJ;GD CHIMBI;0.98;0.00;SI;ND;RAD SOLAR;27/8/2024;CELSIA COLOMBIA S.A. E.S.P.;OPERACIÓN;SOLAR;GEN. DISTRIBUIDA;12/2/2026;CARMEN DE APICALÁ;73148;TOLIMA;4806149.735;2013848.717
491;2022;3EV1;LOS CABALLEROS;9.90;0.00;SI;ND;RAD SOLAR;14/9/2022;CELSIA COLOMBIA S.A. E.S.P.;PRUEBAS;SOLAR;NORMAL;12/2/2026;ARMERO;73055;TOLIMA;4795244.82;2111527.497
492;2024;3JQA;GD EL BANCO;0.98;0.00;SI;ND;RAD SOLAR;21/2/2024;CELSIA COLOMBIA S.A. E.S.P.;OPERACIÓN;SOLAR;GEN. DISTRIBUIDA;12/2/2026;ARMERO;73055;TOLIMA;4795244.82;2111527.497
493;2023;3GRD;GRANJA SOLAR SAN FELIPE;9.10;0.00;SI;ND;RAD SOLAR;29/1/2023;CELSIA COLOMBIA S.A. E.S.P.;PRUEBAS;SOLAR;NORMAL;12/2/2026;ARMERO;73055;TOLIMA;4795244.82;2111527.497
494;2024;3Q89;GD ERCO SALDANA II;0.99;0.00;SI;ND;RAD SOLAR;17/11/2024;ERCO GENERACION S.A.S. ESP;OPERACIÓN;SOLAR;GEN. DISTRIBUIDA;12/2/2026;SALDAÑA;73671;TOLIMA;4775943.735;1990605.979
495;2024;3Q87;GD ERCO SALDANA I;0.99;0.00;SI;ND;RAD SOLAR;17/11/2024;ERCO GENERACION S.A.S. ESP;OPERACIÓN;SOLAR;GEN. DISTRIBUIDA;12/2/2026;SALDAÑA;73671;TOLIMA;4775943.735;1990605.979
496;2025;4SO4;ROKRA;9.90;0.00;SI;ND;RAD SOLAR;4/4/2025;ERCO GENERACION S.A.S. ESP;PRUEBAS;SOLAR;NORMAL;12/2/2026;SALDAÑA;73671;TOLIMA;4775943.735;1990605.979
497;2015;CUC1;CUCUANA;56.00;5.95;NO;DC;AGUA;28/7/2015;CELSIA COLOMBIA S.A. E.S.P.;OPERACIÓN;HIDRAULICA;FILO DE AGUA;12/2/2026;RONCESVALLES;73622;TOLIMA;4712070.454;2011278.292
498;2025;3NLG;ROVIRA;3.10;0.00;SI;ND;RAD SOLAR;13/2/2025;CENTRAL TERMOCARTAGENA SAS ESP;PRUEBAS;SOLAR;NORMAL;12/2/2026;ROVIRA;73624;TOLIMA;4739505.287;2024339.249
499;2010;CUR1;CURRUCUCUES;1.25;0.52;SI;ND;AGUA;17/8/2010;ENERCO S.A. E.S.P.;OPERACIÓN;HIDRAULICA;NORMAL;12/2/2026;ROVIRA;73624;TOLIMA;4739505.287;2024339.249
500;1973;PRDO;PRADO;51.00;0.50;NO;DC;AGUA;28/2/1973;CELSIA COLOMBIA S.A. E.S.P.;OPERACIÓN;HIDRAULICA;NORMAL;12/2/2026;PRADO;73563;TOLIMA;4792123.886;1970296.327
501;1973;PRD4;PRADO IV;6.50;0.49;SI;ND;AGUA;28/2/1973;CELSIA COLOMBIA S.A. E.S.P.;OPERACIÓN;HIDRAULICA;NORMAL;12/2/2026;PRADO;73563;TOLIMA;4792123.886;1970296.327
502;2014;PRF1;PURIFICACION;8.00;11.15;SI;ND;GAS;24/11/2014;SURENERGY S.A.S. E.S.P.;INACTIVO;TERMICA;NORMAL;12/2/2026;PURIFICACIÓN;73585;TOLIMA;4791927.823;1984128.489
503;1996;RFR2;RIO FRIO II;10.00;0.00;SI;ND;AGUA;31/12/1995;COMPAÑIA DE ELECTRICIDAD DE TULUA S.A. E.S.P.;OPERACIÓN;HIDRAULICA;NORMAL;12/2/2026;RIOFRÍO;76616;VALLE DEL CAUCA;4625777.227;2012887.993
504;1954;RFR1;RIO FRIO I;1.67;0.00;SI;ND;AGUA;31/12/1953;COMPAÑIA DE ELECTRICIDAD DE TULUA S.A. E.S.P.;OPERACIÓN;HIDRAULICA;NORMAL;12/2/2026;RIOFRÍO;76616;VALLE DEL CAUCA;4625777.227;2012887.993
505;2022;3GJU;AUTOG INGENIO CARMELITA;4.99;16.15;NO;ND;BAGAZO;29/12/2022;DEPI ENERGY S.A.S. E.S.P.;OPERACIÓN;TERMICA;AUTOGENERADOR;12/2/2026;RIOFRÍO;76616;VALLE DEL CAUCA;4625777.227;2012887.993
506;2021;3BZB;CELSIA SOLAR LA PAILA;9.90;0.00;SI;ND;RAD SOLAR;6/8/2021;CELSIA COLOMBIA S.A. E.S.P.;PRUEBAS;SOLAR;NORMAL;12/2/2026;ZARZAL;76895;VALLE DEL CAUCA;4661487.345;2039754.081
507;2018;RPL1;INGENIO RIOPAILA 1;16.00;0.00;NO;ND;BAGAZO;20/5/2018;RIOPAILA ENERGÍA S.A.S. E.S.P.;OPERACIÓN;COGENERADOR;COGENERADOR;12/2/2026;ZARZAL;76895;VALLE DEL CAUCA;4661487.345;2039754.081
508;2016;2S6S;AUTOG ARGOS YUMBO 1;9.90;0.00;SI;ND;CARBON;19/3/2016;DEPI ENERGY S.A.S. E.S.P.;OPERACIÓN;TERMICA;AUTOGENERADOR;12/2/2026;YUMBO;76892;VALLE DEL CAUCA;4609990.753;1956101.815
509;2017;2TYI;AUTOG CELSIA SOLAR YUMBO;9.80;0.00;NO;ND;RAD SOLAR;2/9/2017;CELSIA COLOMBIA S.A. E.S.P.;PRUEBAS;SOLAR;AUTOGENERADOR;12/2/2026;YUMBO;76892;VALLE DEL CAUCA;4609990.753;1956101.815
510;2024;3K8A;CELSIA SOLAR ALUMINA;1.97;0.00;NO;ND;RAD SOLAR;23/3/2024;CELSIA COLOMBIA S.A. E.S.P.;PRUEBAS;SOLAR;AUTOGENERADOR;12/2/2026;YUMBO;76892;VALLE DEL CAUCA;4609990.753;1956101.815
511;2009;ILC1;INGENIO LA CARMELITA;0.00;0.00;NO;ND;BAGAZO;10/11/2009;DEPI ENERGY S.A.S. E.S.P.;INACTIVO;COGENERADOR;COGENERADOR;12/2/2026;TULUÁ;76834;VALLE DEL CAUCA;4663361.55;2003766.485
512;2011;CIS1;INGENIO SAN CARLOS 1;2.00;29.26;NO;ND;BAGAZO;22/7/2011;ECOGENERATION S.A.S. E.S.P.;OPERACIÓN;COGENERADOR;COGENERADOR;12/2/2026;TULUÁ;76834;VALLE DEL CAUCA;4663361.55;2003766.485
513;2015;2QV2;BAJO TULUA;19.90;1.65;SI;ND;AGUA;29/1/2015;CELSIA COLOMBIA S.A. E.S.P.;OPERACIÓN;HIDRAULICA;NORMAL;12/2/2026;TULUÁ;76834;VALLE DEL CAUCA;4663361.55;2003766.485
514;2022;3EP6;AUTOG CELSIA SOLAR HARINAS;2.45;0.00;NO;ND;RAD SOLAR;20/9/2022;CELSIA COLOMBIA S.A. E.S.P.;PRUEBAS;SOLAR;AUTOGENERADOR;12/2/2026;TULUÁ;76834;VALLE DEL CAUCA;4663361.55;2003766.485
515;2022;3E7C;AUTOG CELSIA SOLAR LEVAPAN;4.99;0.00;NO;ND;RAD SOLAR;10/6/2022;CELSIA COLOMBIA S.A. E.S.P.;PRUEBAS;SOLAR;AUTOGENERADOR;12/2/2026;TULUÁ;76834;VALLE DEL CAUCA;4663361.55;2003766.485
516;2012;ALTG;ALTO TULUA;19.90;2.23;SI;ND;AGUA;27/5/2012;CELSIA COLOMBIA S.A. E.S.P.;OPERACIÓN;HIDRAULICA;NORMAL;12/2/2026;TULUÁ;76834;VALLE DEL CAUCA;4663361.55;2003766.485
517;1999;RMR1;RUMOR;2.50;0.34;SI;ND;AGUA;31/12/1998;COMPAÑIA DE ELECTRICIDAD DE TULUA S.A. E.S.P.;OPERACIÓN;HIDRAULICA;NORMAL;12/2/2026;TULUÁ;76834;VALLE DEL CAUCA;4663361.55;2003766.485
518;2016;2S9L;EL COCUYO;0.70;0.10;SI;ND;AGUA;19/5/2016;P.CH EL COCUYO SAS ESP;OPERACIÓN;HIDRAULICA;GEN. DISTRIBUIDA;12/2/2026;VERSALLES;76863;VALLE DEL CAUCA;4638461.042;2072048.321
519;2024;3LMJ;CELSIA SOLAR BUGALAGRANDE;9.90;0.00;SI;ND;RAD SOLAR;20/9/2024;CELSIA COLOMBIA S.A. E.S.P.;PRUEBAS;SOLAR;NORMAL;12/2/2026;ANDALUCÍA;76036;VALLE DEL CAUCA;4649171.13;2017641.928
520;2000;ALBG;ALBAN;427.00;4.10;NO;DC;AGUA;14/12/2000;CELSIA COLOMBIA S.A. E.S.P.;OPERACIÓN;HIDRAULICA;NORMAL;12/2/2026;BUENAVENTURA;76109;VALLE DEL CAUCA;4542221.788;1945045.826
521;2016;MAN1;INGENIO MANUELITA;3.50;0.00;NO;ND;BAGAZO;16/3/2016;CELSIA COLOMBIA S.A. E.S.P.;INACTIVO;COGENERADOR;COGENERADOR;12/2/2026;CALI;76001;VALLE DEL CAUCA;4602621.323;1934336.027
522;1994;VLL1;VALLE 1;39.50;0.00;NO;DC;ACPM;31/12/1993;CENTRAL HIDROELECTRICA DE BETANIA S.A. E.S.P.;INACTIVO;TERMICA;NORMAL;12/2/2026;CALI;76001;VALLE DEL CAUCA;4602621.323;1934336.027
523;1925;RCL1;RIO CALI;1.80;0.00;SI;ND;AGUA;31/12/1924;CELSIA COLOMBIA S.A. E.S.P.;OPERACIÓN;HIDRAULICA;NORMAL;12/2/2026;CALI;76001;VALLE DEL CAUCA;4602621.323;1934336.027
524;1942;NIM1;NIMA;6.70;0.00;SI;ND;AGUA;31/12/1941;CELSIA COLOMBIA S.A. E.S.P.;OPERACIÓN;HIDRAULICA;NORMAL;12/2/2026;CALI;76001;VALLE DEL CAUCA;4602621.323;1934336.027
525;2024;3JPA;GD ALFEREZ;0.60;0.00;SI;ND;RAD SOLAR;21/2/2024;CELSIA COLOMBIA S.A. E.S.P.;OPERACIÓN;SOLAR;GEN. DISTRIBUIDA;12/2/2026;CALI;76001;VALLE DEL CAUCA;4602621.323;1934336.027
526;1967;CLMG;CALIMA;132.00;1.84;NO;DC;AGUA;31/12/1966;CELSIA COLOMBIA S.A. E.S.P.;OPERACIÓN;HIDRAULICA;NORMAL;12/2/2026;CALIMA;76126;VALLE DEL CAUCA;4595529.108;1992405.141
527;2007;CTMO;CENTRAL TUMACO 1;0.00;0.00;NO;ND;BAGAZO;24/3/2007;CELSIA COLOMBIA S.A. E.S.P.;INACTIVO;COGENERADOR;COGENERADOR;12/2/2026;CALIMA;76126;VALLE DEL CAUCA;4595529.108;1992405.141
528;2025;4VYM;AUTOG MOLINOS SANTA MARTA;3.30;0.00;NO;ND;RAD SOLAR;23/12/2025;CELSIA COLOMBIA S.A. E.S.P.;OPERACIÓN;SOLAR;AUTOGENERADOR;12/2/2026;BUGALAGRANDE;76113;VALLE DEL CAUCA;4657090.568;2022428.268
529;2025;4WUK;AUTOG COMOLSA;3.30;0.00;NO;ND;RAD SOLAR;23/12/2025;CELSIA COLOMBIA S.A. E.S.P.;OPERACIÓN;SOLAR;AUTOGENERADOR;12/2/2026;BUGALAGRANDE;76113;VALLE DEL CAUCA;4657090.568;2022428.268
530;2025;4WUM;AUTOG QBCO;3.30;0.00;NO;ND;RAD SOLAR;23/12/2025;CELSIA COLOMBIA S.A. E.S.P.;OPERACIÓN;SOLAR;AUTOGENERADOR;12/2/2026;BUGALAGRANDE;76113;VALLE DEL CAUCA;4657090.568;2022428.268
531;2024;3Q7D;AUTOG BIOS FINCA BUGA;1.06;0.00;NO;ND;RAD SOLAR;20/10/2024;EMPRESAS PUBLICAS DE MEDELLIN E.S.P.;PRUEBAS;SOLAR;AUTOGENERADOR;12/2/2026;BUGALAGRANDE;76113;VALLE DEL CAUCA;4657090.568;2022428.268
532;2023;3HS9;AUTOG BUGA I SOLLA;4.90;0.00;NO;ND;RAD SOLAR;15/6/2023;CELSIA COLOMBIA S.A. E.S.P.;PRUEBAS;SOLAR;AUTOGENERADOR;12/2/2026;BUGALAGRANDE;76113;VALLE DEL CAUCA;4657090.568;2022428.268
533;2023;3GSF;AUTOG BUGA I GRASAS;4.00;0.00;NO;ND;RAD SOLAR;14/4/2023;CELSIA COLOMBIA S.A. E.S.P.;PRUEBAS;SOLAR;AUTOGENERADOR;12/2/2026;BUGALAGRANDE;76113;VALLE DEL CAUCA;4657090.568;2022428.268
534;2024;3JP6;GD BASILICA;0.98;0.00;SI;ND;RAD SOLAR;15/2/2024;CELSIA COLOMBIA S.A. E.S.P.;OPERACIÓN;SOLAR;GEN. DISTRIBUIDA;12/2/2026;BUGALAGRANDE;76113;VALLE DEL CAUCA;4657090.568;2022428.268
535;2010;CGM1;MAYAGUEZ 1;19.90;0.00;NO;ND;CARBON;16/8/2010;ECOGENERATION S.A.S. E.S.P.;OPERACIÓN;COGENERADOR;COGENERADOR;12/2/2026;CANDELARIA;76130;VALLE DEL CAUCA;4624120.062;1932382.457
536;2020;3ACC;CELSIA SOLAR CARMELO;9.90;0.00;SI;ND;RAD SOLAR;26/12/2020;CELSIA COLOMBIA S.A. E.S.P.;PRUEBAS;SOLAR;AUTOGENERADOR;12/2/2026;CANDELARIA;76130;VALLE DEL CAUCA;4624120.062;1932382.457
537;2024;3KVZ;AUTOG BIOS CONTEGRAL CARTAGO;3.23;0.00;NO;ND;RAD SOLAR;23/5/2024;EMPRESAS PUBLICAS DE MEDELLIN E.S.P.;PRUEBAS;SOLAR;AUTOGENERADOR;12/2/2026;CARTAGO;76147;VALLE DEL CAUCA;4676387.8;2078777.768
538;2021;3C3X;AUTOG INGENIO MARIA LUISA 1;1.80;0.00;SI;ND;BAGAZO;13/8/2021;DEPI ENERGY S.A.S. E.S.P.;OPERACIÓN;TERMICA;AUTOGENERADOR;12/2/2026;FLORIDA;76275;VALLE DEL CAUCA;4648381.902;1923670.752
539;2021;3AL8;INGENIO MARIA LUISA;1.80;0.00;NO;ND;BAGAZO;30/1/2021;DEPI ENERGY S.A.S. E.S.P.;INACTIVO;COGENERADOR;COGENERADOR;12/2/2026;FLORIDA;76275;VALLE DEL CAUCA;4648381.902;1923670.752
540;2023;3GI6;GRANJA SOLAR EL SALADO;0.10;0.00;SI;ND;RAD SOLAR;16/6/2023;FUENTES DE ENERGIAS RENOVABLES S.A.S. E.S.P.;OPERACIÓN;SOLAR;NORMAL;12/2/2026;DAGUA;76233;VALLE DEL CAUCA;4586720.123;1962167.761
541;2009;CIP1;INGENIO PROVIDENCIA 2;19.90;0.00;NO;ND;CARBON;17/5/2009;NITRO ENERGY COLOMBIA S.A.S. E.S.P.;OPERACIÓN;COGENERADOR;COGENERADOR;12/2/2026;EL CERRITO;76248;VALLE DEL CAUCA;4632558.627;1962665.383
542;2024;3PKN;GRANJA SOLAR PALMASECA II;12.00;0.00;SI;ND;RAD SOLAR;29/10/2024;CELSIA COLOMBIA S.A. E.S.P.;INACTIVO;SOLAR;NORMAL;12/2/2026;PALMIRA;76520;VALLE DEL CAUCA;4641461.697;1951834.164
543;2024;3PKH;GRANJA SOLAR PALMASECA I;13.00;0.00;SI;ND;RAD SOLAR;29/10/2024;CELSIA COLOMBIA S.A. E.S.P.;INACTIVO;SOLAR;NORMAL;12/2/2026;PALMIRA;76520;VALLE DEL CAUCA;4641461.697;1951834.164
544;2025;3PWF;AUTOG SOLAR PALMIRA II BERRY;4.99;0.00;NO;ND;RAD SOLAR;12/12/2025;CELSIA COLOMBIA S.A. E.S.P.;OPERACIÓN;SOLAR;AUTOGENERADOR;12/2/2026;PALMIRA;76520;VALLE DEL CAUCA;4641461.697;1951834.164
545;2025;4UZO;SOLAR PALMASECA II;11.95;0.00;SI;ND;RAD SOLAR;30/3/2025;CELSIA COLOMBIA S.A. E.S.P.;PRUEBAS;SOLAR;NORMAL;12/2/2026;PALMIRA;76520;VALLE DEL CAUCA;4641461.697;1951834.164
546;2025;4UZM;SOLAR PALMASECA I;13.00;0.00;SI;ND;RAD SOLAR;30/3/2025;CELSIA COLOMBIA S.A. E.S.P.;PRUEBAS;SOLAR;NORMAL;12/2/2026;PALMIRA;76520;VALLE DEL CAUCA;4641461.697;1951834.164
547;2023;3FCD;AUTOG CELSIA SOLAR PALMIRA 3;4.99;0.00;NO;ND;RAD SOLAR;29/3/2023;CELSIA COLOMBIA S.A. E.S.P.;PRUEBAS;SOLAR;AUTOGENERADOR;12/2/2026;PALMIRA;76520;VALLE DEL CAUCA;4641461.697;1951834.164
548;2023;3HE8;AUTOG CELSIA SOLAR PALMIRA 3 ZONA FRANCA;2.90;0.00;NO;ND;RAD SOLAR;29/4/2023;CELSIA COLOMBIA S.A. E.S.P.;PRUEBAS;SOLAR;AUTOGENERADOR;12/2/2026;PALMIRA;76520;VALLE DEL CAUCA;4641461.697;1951834.164
549;2024;2UP2;COGENERADOR MANUELITA 2;12.00;0.00;NO;ND;BAGAZO;5/12/2024;EMPRESA DE ENERGIA DE PEREIRA S.A. E.S.P.;OPERACIÓN;COGENERADOR;COGENERADOR;12/2/2026;PALMIRA;76520;VALLE DEL CAUCA;4641461.697;1951834.164
550;2011;AMA1;AMAIME;19.17;1.55;SI;ND;AGUA;5/1/2011;CELSIA COLOMBIA S.A. E.S.P.;OPERACIÓN;HIDRAULICA;NORMAL;12/2/2026;PALMIRA;76520;VALLE DEL CAUCA;4641461.697;1951834.164
551;2011;TVL1;TERMOVALLE CC;237.00;6.99;NO;DC;ACPM;16/12/2011;ENFRAGEN TERMOVALLE S.A.S. EMPRESA DE SERVICIOS PUBLICOS;OPERACIÓN;TERMICA;CICLO COMBINADO;12/2/2026;PALMIRA;76520;VALLE DEL CAUCA;4641461.697;1951834.164
552;1999;TEC1;TERMOEMCALI CC;229.00;6.94;NO;DC;GAS;15/7/1999;TERMOEMCALI I S.A. E.S.P.;OPERACIÓN;TERMICA;CICLO COMBINADO;12/2/2026;PALMIRA;76520;VALLE DEL CAUCA;4641461.697;1951834.164
553;2004;CAS1;CENTRAL CASTILLA 1;3.00;0.00;NO;ND;BAGAZO;14/8/2004;RIOPAILA ENERGÍA S.A.S. E.S.P.;OPERACIÓN;COGENERADOR;COGENERADOR;12/2/2026;PRADERA;76563;VALLE DEL CAUCA;4646906.06;1936570.811
554;2010;PIC1;INGENIO PICHICHI 1;0.00;0.00;NO;ND;BAGAZO;25/1/2010;EMPRESA DE ENERGIA DE PEREIRA S.A. E.S.P.;OPERACIÓN;COGENERADOR;COGENERADOR;12/2/2026;GUACARÍ;76318;VALLE DEL CAUCA;4628509.884;1974118.386
555;2025;5F49;AUTOG CARVAJAL GINEBRA;3.40;0.00;SI;ND;RAD SOLAR;29/9/2025;ENEL COLOMBIA SA ESP;PRUEBAS;SOLAR;AUTOGENERADOR;12/2/2026;GINEBRA;76306;VALLE DEL CAUCA;4645651.946;1972370.556
556;2024;3JP8;GD LA URIBE;0.60;0.00;SI;ND;RAD SOLAR;13/3/2024;CELSIA COLOMBIA S.A. E.S.P.;OPERACIÓN;SOLAR;GEN. DISTRIBUIDA;12/2/2026;LA VICTORIA;76403;VALLE DEL CAUCA;4670860.876;2054090.777
557;2024;3K6X;GD LA HONDA;0.98;0.00;SI;ND;RAD SOLAR;13/3/2024;CELSIA COLOMBIA S.A. E.S.P.;OPERACIÓN;SOLAR;GEN. DISTRIBUIDA;12/2/2026;LA VICTORIA;76403;VALLE DEL CAUCA;4670860.876;2054090.777
558;2023;3HF7;CELSIA SOLAR LA VICTORIA II;19.90;0.00;SI;ND;RAD SOLAR;29/8/2023;CELSIA COLOMBIA S.A. E.S.P.;PRUEBAS;SOLAR;NORMAL;12/2/2026;LA VICTORIA;76403;VALLE DEL CAUCA;4670860.876;2054090.777
559;2023;3HF9;CELSIA SOLAR LA VICTORIA I;19.90;0.00;SI;ND;RAD SOLAR;29/8/2023;CELSIA COLOMBIA S.A. E.S.P.;PRUEBAS;SOLAR;NORMAL;12/2/2026;LA VICTORIA;76403;VALLE DEL CAUCA;4670860.876;2054090.777
560;2024;3QPE;GD BOCAS DEL PALO;0.10;0.00;SI;ND;RAD SOLAR;27/12/2024;CELSIA COLOMBIA S.A. E.S.P.;OPERACIÓN;SOLAR;GEN. DISTRIBUIDA;12/2/2026;JAMUNDÍ;76364;VALLE DEL CAUCA;4596858.41;1913856.917
561;2025;4RG6;AUTOG CELSIA SOLAR TQ JAMUNDI;1.92;0.00;NO;ND;RAD SOLAR;25/3/2025;CELSIA COLOMBIA S.A. E.S.P.;PRUEBAS;SOLAR;AUTOGENERADOR;12/2/2026;JAMUNDÍ;76364;VALLE DEL CAUCA;4596858.41;1913856.917
